crime_type,trigger,lag,trigger_family_class,epoch,k_cities,g_meta,ci_lo,ci_hi,se_hk,p_meta,tau2,Q,p_Q,I2,cities
ASSAULT,PHASE_FirstQ,-1,PHASE,PRE,2,0.04189593246818529,-0.593309368523961,0.6771012334603315,0.04999174137111472,0.5559452382649663,0.0,0.041068483347751886,0.8394057890020007,0.0,chicago;sf
ASSAULT,PHASE_FirstQ,0,PHASE,PRE,2,0.0014014429030565503,-0.6337898754936777,0.6365927612997908,0.04999064091698999,0.9821576073167768,0.0,0.05305548707109254,0.8178293153687839,0.0,chicago;sf
ASSAULT,PHASE_FirstQ,1,PHASE,PRE,2,0.016605116649492123,-0.618591957091286,0.6518021903902703,0.0499910938723896,0.7958388831044828,0.0,0.22750671329073252,0.6333787574269336,0.0,chicago;sf
ASSAULT,PHASE_FirstQ,WIN3,PHASE,PRE,2,0.01996511731544533,-0.3660688772961279,0.40599911192701854,0.030381534267640932,0.6298802833665559,0.0,0.06065598367298503,0.8054621196836098,0.0,chicago;sf
ASSAULT,PHASE_FirstQ,-1,PHASE,PRE2014,2,0.031635222128695954,-0.6953505846389954,0.7586210288963873,0.05721502382873055,0.678455555709463,0.0,0.13563583847885752,0.7126587143748949,0.0,chicago;sf
ASSAULT,PHASE_FirstQ,0,PHASE,PRE2014,2,0.0031424193278794025,-0.723830018898267,0.7301148575540258,0.057213971701693234,0.9650694013078223,0.0,0.0005611015445558304,0.981101811296678,0.0,chicago;sf
ASSAULT,PHASE_FirstQ,1,PHASE,PRE2014,2,0.005747823742608347,-0.7212532739885567,0.7327489214737732,0.0572162272536549,0.9362603374683005,0.0,0.9323095110367243,0.33426351830265877,0.0,chicago;sf
ASSAULT,PHASE_FirstQ,WIN3,PHASE,PRE2014,2,0.013572184847365023,-0.4283259412298746,0.4554703109246046,0.03477813676417469,0.7631306695997,0.0,0.5538053642275489,0.45676697963164625,0.0,chicago;sf
ASSAULT,PHASE_Full,-1,PHASE,PRE,2,0.013369656711697389,-1.0203984128154855,1.0471377262388804,0.08135931153093202,0.8963119026800381,0.008180897273709905,2.6080729600951096,0.1063208889768508,61.657514367867506,chicago;sf
ASSAULT,PHASE_Full,0,PHASE,PRE,2,0.06293932661755793,-1.0979973493488653,1.2238760025839812,0.09136769791200566,0.6159854876297657,0.011631414815415615,3.285915420454858,0.06987665171342161,69.56708034007846,chicago;sf
ASSAULT,PHASE_Full,1,PHASE,PRE,2,0.030642462296052123,-0.6052796585330984,0.6665645831252027,0.050048156315771565,0.6502505501489582,0.0,0.62775966345754,0.42817827676872544,0.0,chicago;sf
ASSAULT,PHASE_Full,WIN3,PHASE,PRE,2,0.038109908635080535,-0.8635519710487931,0.9397717883189542,0.07096232890837713,0.6862470555477845,0.00819760353291678,5.362672690280689,0.020572221956471185,81.35258186067554,chicago;sf
ASSAULT,PHASE_Full,-1,PHASE,PRE2014,2,0.03153615229384743,-1.143062520999203,1.206134825586898,0.09244292042022283,0.7907037929378073,0.010479690008157065,2.5812881837033803,0.10813362934868956,61.25965297817706,chicago;sf
ASSAULT,PHASE_Full,0,PHASE,PRE2014,2,0.08310572544888989,-1.2376071798557118,1.4038186307534914,0.10394235987066724,0.5706264829291869,0.01499159991126442,3.2615579953464495,0.070921712973369,69.33980626967886,chicago;sf
ASSAULT,PHASE_Full,1,PHASE,PRE2014,2,0.020892601025343495,-0.7082371159154317,0.7500223179661187,0.0573837532186275,0.7777128999322129,0.0,0.47478467172102423,0.49079419177025485,0.0,chicago;sf
ASSAULT,PHASE_Full,WIN3,PHASE,PRE2014,2,0.046869818023354,-0.9541505062891182,1.0478901423358262,0.07878200808792878,0.658336624613581,0.009968222051359926,5.072087849801793,0.024314081640176843,80.28425315939513,chicago;sf
ASSAULT,PHASE_LastQ,-1,PHASE,PRE,2,0.00563466624769163,-0.6302673836470313,0.6415367161424145,0.050046576698974575,0.9286245458721046,0.0,0.0005456347077067765,0.981364048886642,0.0,chicago;sf
ASSAULT,PHASE_LastQ,0,PHASE,PRE,2,0.027074000155510234,-0.6088392467237449,0.6629872470347653,0.050047457920768534,0.6843121667784207,0.0,0.27254792286874685,0.6016277026528619,0.0,chicago;sf
ASSAULT,PHASE_LastQ,1,PHASE,PRE,2,0.0021539772383135235,-0.8726313380176972,0.8769392924943243,0.06884709741436534,0.9800889594796424,0.004433996093006264,1.8716204749073455,0.17128959986176207,46.57036437638325,chicago;sf
ASSAULT,PHASE_LastQ,WIN3,PHASE,PRE,2,0.01285879839599157,-0.37356430671706015,0.3992819035090433,0.030412157928250052,0.7453388741826812,0.0,0.20491597881960094,0.6507817315002511,0.0,chicago;sf
ASSAULT,PHASE_LastQ,-1,PHASE,PRE2014,2,0.026463647315418695,-0.7026540006097179,0.7555812952405554,0.05738280336649707,0.7249102232408389,0.0,8.526541979456823e-05,0.992632496393722,0.0,chicago;sf
ASSAULT,PHASE_LastQ,0,PHASE,PRE2014,2,0.02596864131672663,-0.7031597530832768,0.75509703571673,0.05738364913241142,0.7294571447612589,0.0,0.3593844697928337,0.5488482840709031,0.0,chicago;sf
ASSAULT,PHASE_LastQ,1,PHASE,PRE2014,2,0.010695712643658354,-0.9221697615775075,0.9435611868648242,0.07341810505747562,0.9079036998120787,0.004178540911882489,1.6305810907923781,0.20162269437369107,38.67216996156556,chicago;sf
ASSAULT,PHASE_LastQ,WIN3,PHASE,PRE2014,2,0.021665408505845606,-0.4214027471799989,0.4647335641916901,0.03487022009140537,0.6460741632084428,0.0,0.1363948757640297,0.7118916279334329,0.0,chicago;sf
ASSAULT,PHASE_New,-1,PHASE,PRE,2,0.12986782336719527,-0.5134482539594128,0.7731839006938034,0.050630073312296665,0.2366527298114556,0.0001244405277299439,1.0245209360130612,0.3114490254970232,2.393405068761674,chicago;sf
ASSAULT,PHASE_New,0,PHASE,PRE,2,0.10200425751185942,-0.5332706343485043,0.737279149372223,0.04999721829122273,0.29013008505673543,0.0,0.009435279013524731,0.9226188969233481,0.0,chicago;sf
ASSAULT,PHASE_New,1,PHASE,PRE,2,-0.07625852445643855,-0.7115014963501084,0.5589844474372313,0.049994706135362194,0.36942941977606186,0.0,0.274602305433725,0.6002610821414636,0.0,chicago;sf
ASSAULT,PHASE_New,WIN3,PHASE,PRE,2,0.05142762752187161,-0.3346417196817359,0.43749697472547916,0.03038431657697465,0.3397257314898473,0.0,0.801023545383831,0.37078752238240176,0.0,chicago;sf
ASSAULT,PHASE_New,-1,PHASE,PRE2014,2,0.12600327372045905,-0.6021926162275558,0.8541991636684739,0.05731025944041985,0.2717504076733721,0.0,0.28158610037334664,0.5956635099708565,0.0,chicago;sf
ASSAULT,PHASE_New,0,PHASE,PRE2014,2,0.10552467158885451,-0.622627975060178,0.8336773182378869,0.05730685611898127,0.3167208718216854,0.0,0.3117659801508931,0.5765985258560992,0.0,chicago;sf
ASSAULT,PHASE_New,1,PHASE,PRE2014,2,-0.059887916676467055,-0.7879784132685338,0.6682025799155996,0.05730196480341892,0.4859544105013825,0.0,0.5858170590691945,0.44404120980251816,0.0,chicago;sf
ASSAULT,PHASE_New,WIN3,PHASE,PRE2014,2,0.05681569448147399,-0.39023072426181454,0.5038621132247625,0.035183316184217196,0.3529778469841627,4.946116518956372e-05,1.0202728884442769,0.31245428799097846,1.9870064836466645,chicago;sf
ASSAULT,PHASE_Quadrature,-1,PHASE,PRE,2,0.023731252890924297,-0.4376381052237676,0.48510061100561624,0.03631055595946934,0.6314759542390959,0.0,0.01479041917350351,0.9032032465023981,0.0,chicago;sf
ASSAULT,PHASE_Quadrature,0,PHASE,PRE,2,0.014182574647201983,-0.44718647080725776,0.4755516201016617,0.036310531352575406,0.7629424452965055,0.0,0.2670435277540276,0.6053219293248182,0.0,chicago;sf
ASSAULT,PHASE_Quadrature,1,PHASE,PRE,2,0.009219208264178663,-0.5798414014664349,0.5982798179947922,0.04636007540801062,0.8750314927266759,0.001646260736273719,1.614995922932383,0.20379094882389484,38.08033903984857,chicago;sf
ASSAULT,PHASE_Quadrature,WIN3,PHASE,PRE,2,0.01640329890550112,-0.27597355329298745,0.3087801511039897,0.02301055730356412,0.6057384501974887,0.0,0.21364995618191823,0.6439215240230751,0.0,chicago;sf
ASSAULT,PHASE_Quadrature,-1,PHASE,PRE2014,2,0.029006034038786963,-0.4995374000255829,0.5575494681031569,0.04159727039096845,0.612352195252377,0.0,0.06102976408471976,0.8048756974664908,0.0,chicago;sf
ASSAULT,PHASE_Quadrature,0,PHASE,PRE2014,2,0.014472487476040838,-0.5140652385516653,0.5430102135037469,0.0415968211587404,0.7868449198799092,0.0,0.15552612735805607,0.6933093582848449,0.0,chicago;sf
ASSAULT,PHASE_Quadrature,1,PHASE,PRE2014,2,0.006531568360426224,-0.8109484009231209,0.8240115376439734,0.06433706887624854,0.9355903517355858,0.004805194796771541,2.379963639632571,0.12290040744902678,57.98255135719702,chicago;sf
ASSAULT,PHASE_Quadrature,WIN3,PHASE,PRE2014,2,0.01763768535643297,-0.3173596898930113,0.3526350606058772,0.026364865213364376,0.6246454681553709,0.0,0.5400797031379574,0.46239969676653203,0.0,chicago;sf
ASSAULT,PHASE_Syzygy,-1,PHASE,PRE,2,0.07398088621744854,-0.766261818561029,0.9142235909959262,0.0661285350116606,0.4643582996768338,0.006080209472745793,3.270418786611958,0.07053961427527058,69.42287623549382,chicago;sf
ASSAULT,PHASE_Syzygy,0,PHASE,PRE,2,0.08114952692867586,-0.5289226599098351,0.6912217137671868,0.04801372238944572,0.3401280038657679,0.001955873787646765,1.7303788984119068,0.18836251596158876,42.20918892863454,chicago;sf
ASSAULT,PHASE_Syzygy,1,PHASE,PRE,2,-0.022927297104823614,-0.4843074100624319,0.43845281585278467,0.036311402383963465,0.641459693132828,0.0,0.8123353687065278,0.36743069781572324,0.0,chicago;sf
ASSAULT,PHASE_Syzygy,WIN3,PHASE,PRE,2,0.045819052822199925,-0.5766660644884753,0.6683041701328751,0.04899064120428058,0.521288363450312,0.0037283415134412323,4.466854261018626,0.03455856115677035,77.61288052921702,chicago;sf
ASSAULT,PHASE_Syzygy,-1,PHASE,PRE2014,2,0.07907380211958179,-0.7031846336577197,0.8613322378968833,0.061565074072382674,0.4211502034456673,0.004102539092921076,2.1763852499079857,0.14014327696405227,54.052252465767324,chicago;sf
ASSAULT,PHASE_Syzygy,0,PHASE,PRE2014,2,0.0948354313506873,-0.7692833841773203,0.9589542468786949,0.06800762567994417,0.3960529020510152,0.005769812181354037,2.6541759571368733,0.10327826555975782,62.32352277507911,chicago;sf
ASSAULT,PHASE_Syzygy,1,PHASE,PRE2014,2,-0.019597565044905098,-0.5485237708739962,0.509328640784186,0.04162739518217567,0.7198848215597943,0.0,0.9933241019873253,0.318931289839536,0.0,chicago;sf
ASSAULT,PHASE_Syzygy,WIN3,PHASE,PRE2014,2,0.05260404185881942,-0.6697271128983694,0.7749351966160082,0.05684869477083678,0.5246761900074709,0.005064575519268383,4.615566982554596,0.031683019465017136,78.33418941205515,chicago;sf
ASSAULT,WAVE_after_quadrature,-1,WAVE,PRE,2,-0.052397105840159566,-0.5053775041533529,0.40058329247303376,0.03565033050462166,0.3803430819198728,0.0,0.9167625041125855,0.3383264712830687,0.0,chicago;sf
ASSAULT,WAVE_after_quadrature,0,WAVE,PRE,2,-0.03360504412722448,-0.4865656126255574,0.41935552437110846,0.03564876986434616,0.5187816185489265,0.0,0.007163892272575826,0.9325477730587978,0.0,chicago;sf
ASSAULT,WAVE_after_quadrature,1,WAVE,PRE,2,0.051710655724958324,-0.4012684957082754,0.504689807158192,0.03565023237304063,0.38425622572645074,0.0,0.8358233087305155,0.360594045300064,0.0,chicago;sf
ASSAULT,WAVE_after_quadrature,WIN3,WAVE,PRE,2,-0.013370023321419466,-0.2962065263157351,0.26946647967289616,0.022259715537508027,0.6556598570692032,0.0,0.0006631688097010705,0.9794550963943088,0.0,chicago;sf
ASSAULT,WAVE_after_quadrature,-1,WAVE,PRE2014,2,-0.048454463290664475,-0.567444207949704,0.47053528136837497,0.040845378728311905,0.4458854467247454,0.0,0.6270627871390193,0.4284347541314891,0.0,chicago;sf
ASSAULT,WAVE_after_quadrature,0,WAVE,PRE2014,2,-0.03284798694457574,-0.551819377206226,0.48612340331707454,0.04084393420590967,0.5688072864940441,0.0,0.04593216689649231,0.830299151709998,0.0,chicago;sf
ASSAULT,WAVE_after_quadrature,1,WAVE,PRE2014,2,0.06481222829991169,-0.5852182336912412,0.7148426902910646,0.05115850684566268,0.4253915412680155,0.0018902832132710998,1.5631441275995537,0.21120545273067784,36.02637259459544,chicago;sf
ASSAULT,WAVE_after_quadrature,WIN3,WAVE,PRE2014,2,-0.006983921630164805,-0.33106924812341926,0.31710140486308963,0.025506068351316184,0.829854852514963,0.0,0.02316482402695303,0.8790292353497693,0.0,chicago;sf
ASSAULT,WAVE_after_syzygy,-1,WAVE,PRE,2,0.016130367925810796,-0.43682416187029927,0.46908489772192086,0.03564829460817422,0.7294877299378311,0.0,0.023599576154184655,0.8779081556695414,0.0,chicago;sf
ASSAULT,WAVE_after_syzygy,0,WAVE,PRE,2,-0.021854927931110338,-0.7118705479106318,0.6681606920484111,0.054305407026935565,0.7564215253747344,0.0033342331742519703,2.29182977024607,0.13005651917487668,56.36674185043719,chicago;sf
ASSAULT,WAVE_after_syzygy,1,WAVE,PRE,2,0.012255421637110875,-0.44070540977570866,0.46521625304993036,0.035648790556165,0.7891993265086596,0.0,0.8039385899215458,0.3699183986152713,0.0,chicago;sf
ASSAULT,WAVE_after_syzygy,WIN3,WAVE,PRE,2,0.001328680289899375,-0.45446916963035394,0.45712653021015265,0.03587206875498855,0.9764307531621861,0.001573266791353911,2.563464280217336,0.10935870934439551,60.99028928481041,chicago;sf
ASSAULT,WAVE_after_syzygy,-1,WAVE,PRE2014,2,0.019345754174113577,-0.49999410685458656,0.5386856152028137,0.040872933484190875,0.7185680561830305,0.0,0.013195247614136565,0.9085477132059836,0.0,chicago;sf
ASSAULT,WAVE_after_syzygy,0,WAVE,PRE2014,2,-0.006205316670085116,-0.8400269060742196,0.8276162727340493,0.06562318227199224,0.9399798121771921,0.005258773252944715,2.5641914293733015,0.10930843331172642,61.001351593925115,chicago;sf
ASSAULT,WAVE_after_syzygy,1,WAVE,PRE2014,2,0.03203053662670738,-0.4873230044454876,0.5513840776989024,0.04087401012696334,0.5768478550328258,0.0,0.6220693881099136,0.4302793264096192,0.0,chicago;sf
ASSAULT,WAVE_after_syzygy,WIN3,WAVE,PRE2014,2,0.0174052542025259,-0.444388415801991,0.47919892420704285,0.036343950029423866,0.7156673837272747,0.0013349911622364216,2.0185505358102613,0.1553874069184312,50.459501396699366,chicago;sf
ASSAULT,WAVE_before_quadrature,-1,WAVE,PRE,2,-0.013058645963871586,-0.4657636703724474,0.4396463784447043,0.03562865810831374,0.776345128920565,0.0,0.0027825568396482813,0.9579311429613792,0.0,chicago;sf
ASSAULT,WAVE_before_quadrature,0,WAVE,PRE,2,0.0013959838093468037,-0.5661934883448387,0.5689854559635323,0.044670260233313754,0.9801115608020052,0.001438200122107795,1.5580378127985095,0.21195275361682575,35.81670535942742,chicago;sf
ASSAULT,WAVE_before_quadrature,1,WAVE,PRE,2,0.04048993722154945,-0.4124832861024015,0.4934631605455003,0.035649765820721845,0.4595847100472443,0.0,0.9972013177193777,0.3179886560029542,0.0,chicago;sf
ASSAULT,WAVE_before_quadrature,WIN3,WAVE,PRE,2,0.012213342752553437,-0.37742065864952495,0.4018473441546318,0.030664860946628163,0.7587040865578162,0.0008832297674481275,1.8785189189850842,0.17050257776934016,46.76657286261059,chicago;sf
ASSAULT,WAVE_before_quadrature,-1,WAVE,PRE2014,2,-0.022802566261107146,-0.5417744241539966,0.4961692916317823,0.040843971009286356,0.6758449215440109,0.0,0.41496729418116585,0.5194590094673295,0.0,chicago;sf
ASSAULT,WAVE_before_quadrature,0,WAVE,PRE2014,2,0.002807837679143665,-0.5161658939353957,0.5217815692936829,0.040844118474378306,0.9563041848436651,0.0,0.8593418327773201,0.35392294053952245,0.0,chicago;sf
ASSAULT,WAVE_before_quadrature,1,WAVE,PRE2014,2,0.02765651363802864,-0.49990622997637374,0.555219257252431,0.04152008837869097,0.6259159155388869,0.00011061762882023563,1.0329596807829091,0.3094645361069507,3.1908003183558966,chicago;sf
ASSAULT,WAVE_before_quadrature,WIN3,WAVE,PRE2014,2,0.002947969814694573,-0.3211422531289692,0.3270381927583584,0.025506453710320773,0.9267461610762509,0.0,0.6582090249239392,0.4171929377203304,0.0,chicago;sf
ASSAULT,WAVE_before_syzygy,-1,WAVE,PRE,2,0.004347315415869019,-0.4483608351709208,0.45705546600265884,0.03562890414387501,0.9227039457872392,0.0,0.4667943887452255,0.4944656078496109,0.0,chicago;sf
ASSAULT,WAVE_before_syzygy,0,WAVE,PRE,2,0.016191922981893776,-0.4365151712679777,0.4688990172317652,0.035628821008356557,0.7284448650622397,0.0,0.15872728588056845,0.6903309866852814,0.0,chicago;sf
ASSAULT,WAVE_before_syzygy,1,WAVE,PRE,2,0.0019650753200663542,-0.4509941516620765,0.4549243023022092,0.03564866428473227,0.964942837666376,0.0,0.7432447671077742,0.3886234419969614,0.0,chicago;sf
ASSAULT,WAVE_before_syzygy,WIN3,WAVE,PRE,2,0.009847661674608718,-0.33477702007600496,0.3544723434252224,0.027122550667114807,0.7782782415837134,0.000475980000843306,1.473383267483463,0.2248126480484854,32.12899711369745,chicago;sf
ASSAULT,WAVE_before_syzygy,-1,WAVE,PRE2014,2,0.008637508231817385,-0.5366881415555125,0.5539631580191473,0.0429180594126376,0.8735655533552786,0.0003406926098611456,1.1013446823330295,0.29397119205029876,9.201904177568315,chicago;sf
ASSAULT,WAVE_before_syzygy,0,WAVE,PRE2014,2,0.010111675946114248,-0.5092346566369406,0.5294580085291691,0.040873442806564395,0.8456066092212619,0.0,0.6494807796947593,0.4202983755221653,0.0,chicago;sf
ASSAULT,WAVE_before_syzygy,1,WAVE,PRE2014,2,-0.0023661129570493973,-0.5217047300270936,0.5169725041129949,0.040872835582521444,0.9631874082542629,0.0,0.14280840531211692,0.7055048870515599,0.0,chicago;sf
ASSAULT,WAVE_before_syzygy,WIN3,WAVE,PRE2014,2,0.0076142554631246605,-0.4455914643738146,0.4608199753000639,0.035668063693124426,0.8661070843687244,0.0012378201872127773,1.9444189649939627,0.16318953201044972,48.570754657131985,chicago;sf
ASSAULT,WAVE_event,-1,WAVE,PRE,2,-0.014368548779411393,-0.27037027612061465,0.24163317856179184,0.020147772891395153,0.6056124795692743,0.0,0.07426229052944563,0.7852290703903455,0.0,chicago;sf
ASSAULT,WAVE_event,0,WAVE,PRE,2,-0.011509599003684841,-0.2675100884730708,0.24449089046570108,0.0201476754687703,0.6695813212121388,0.0,0.015222555933659274,0.9018064134514329,0.0,chicago;sf
ASSAULT,WAVE_event,1,WAVE,PRE,2,0.03431311294105337,-0.23841656739373984,0.3070427932758466,0.021464291343646,0.35586340685684187,0.00010773235395097307,1.130652233748459,0.2876362590197836,11.555474782489641,chicago;sf
ASSAULT,WAVE_event,WIN3,WAVE,PRE,2,0.010704070379077552,-0.2919677383492061,0.3133758791073612,0.02382078795412783,0.7311426004695345,8.375399947684652e-05,1.0785951527995727,0.2990120425714831,7.286807528809421,chicago;sf
ASSAULT,WAVE_event,-1,WAVE,PRE2014,2,-0.013949091897976575,-0.30743202177061096,0.27953383797465786,0.023097607504398238,0.6541267783735886,0.0,0.02408144062454321,0.8766778700486827,0.0,chicago;sf
ASSAULT,WAVE_event,0,WAVE,PRE2014,2,-0.007363646355088158,-0.30084437349791104,0.2861170807877347,0.0230974341458024,0.8035255931505625,0.0,0.0021842391187494184,0.9627237621289967,0.0,chicago;sf
ASSAULT,WAVE_event,1,WAVE,PRE2014,2,0.038739868804409654,-0.2697447868859063,0.34722452449472563,0.024278268931540805,0.35639294341498584,0.00011107339865049156,1.1034598102097206,0.29350807246151545,9.375947293454876,chicago;sf
ASSAULT,WAVE_event,WIN3,WAVE,PRE2014,2,0.02229162659395975,-0.31139376265389584,0.3559770158418154,0.02626160967571144,0.5519380389580896,0.0,0.9288305784025963,0.3351669830164661,0.0,chicago;sf
ASSAULT,WAVE_quadrature,-1,WAVE,PRE,2,-0.035277801527938954,-0.36778690815588705,0.2972313051000091,0.026169034225818455,0.4063109244361819,0.0,0.5506322931487339,0.45805945455259267,0.0,chicago;sf
ASSAULT,WAVE_quadrature,0,WAVE,PRE,2,-0.018410458233304824,-0.3509134545229801,0.31409253805637044,0.02616855333176712,0.6096924813334932,0.0,0.9574841661535618,0.32782155530099655,0.0,chicago;sf
ASSAULT,WAVE_quadrature,1,WAVE,PRE,2,0.051928564869826686,-0.417974994865875,0.5218321246055284,0.036982212193414625,0.39397232609991456,0.001354782665639665,1.9740036997299657,0.1600235323464947,49.34153364875682,chicago;sf
ASSAULT,WAVE_quadrature,WIN3,WAVE,PRE,2,-0.0013439561781036855,-0.2670522394770937,0.26436432712088637,0.020911695412646168,0.9591418105497702,0.0002075930119888976,1.3077110720117364,0.25280949674068864,23.530509039612596,chicago;sf
ASSAULT,WAVE_quadrature,-1,WAVE,PRE2014,2,-0.03866614494205648,-0.44081240943596695,0.36348011955185394,0.03164959740817408,0.4366836686806583,0.00020324922439147054,1.1123137146875886,0.2915795508090235,10.097305571669022,chicago;sf
ASSAULT,WAVE_quadrature,0,WAVE,PRE2014,2,-0.016196339102639484,-0.3972627058217383,0.36487002761645937,0.029990573473641535,0.6847648824860044,0.0,0.27384305794765607,0.6007653893413829,0.0,chicago;sf
ASSAULT,WAVE_quadrature,1,WAVE,PRE2014,2,0.05149828040313582,-0.584595108118312,0.6875916689245837,0.050061635375479,0.49099511233161314,0.0032062114331803523,2.7714295446199873,0.09596042615464193,63.91753844360788,chicago;sf
ASSAULT,WAVE_quadrature,WIN3,WAVE,PRE2014,2,-0.0027085491403471412,-0.26819963203007363,0.2627825337493794,0.020894601369714466,0.9179331624046265,0.0,0.6229444568636258,0.42995520737958604,0.0,chicago;sf
ASSAULT,WAVE_syzygy,-1,WAVE,PRE,2,0.011036810354705728,-0.32145871129040315,0.3435323319998146,0.02616796506448185,0.7459059918638162,0.0,0.15124772409189252,0.6973458288140122,0.0,chicago;sf
ASSAULT,WAVE_syzygy,0,WAVE,PRE,2,-0.0010059561828661676,-0.33350375416615613,0.33149184180042385,0.02616814421618201,0.9755390979970229,0.0,0.6691677875764959,0.41334190467033816,0.0,chicago;sf
ASSAULT,WAVE_syzygy,1,WAVE,PRE,2,0.007666167885133876,-0.32491083625127004,0.34024317202153775,0.02617437787562296,0.8186145772366503,0.0,0.000643584358204627,0.9797606659034412,0.0,chicago;sf
ASSAULT,WAVE_syzygy,WIN3,WAVE,PRE,2,0.008586550366994534,-0.22304141239655764,0.24021451313054673,0.018229516017431446,0.7197601241291698,0.0,0.10040520513707318,0.7513439128826317,0.0,chicago;sf
ASSAULT,WAVE_syzygy,-1,WAVE,PRE2014,2,0.014919703862202994,-0.36640103985936845,0.3962404475837744,0.030010593377912655,0.7062869772301041,0.0,0.730761291493417,0.3926365355509106,0.0,chicago;sf
ASSAULT,WAVE_syzygy,0,WAVE,PRE2014,2,0.0037866012136652874,-0.3775279142612121,0.38510111668854274,0.03001010320426732,0.9200951422095502,0.0,0.34100160104231203,0.559251648622739,0.0,chicago;sf
ASSAULT,WAVE_syzygy,1,WAVE,PRE2014,2,0.01599097010010489,-0.36532372784090583,0.39730566804111556,0.030010117564663447,0.6883217805125139,0.0,0.09098383244174849,0.762930122616765,0.0,chicago;sf
ASSAULT,WAVE_syzygy,WIN3,WAVE,PRE2014,2,0.01682816118856372,-0.24872845911576885,0.2823847814928963,0.020899759276104733,0.5684391439640825,0.0,0.00047795233488652923,0.9825579406060427,0.0,chicago;sf
BURGLARY,PHASE_FirstQ,-1,PHASE,POST,3,-0.002057770169593625,-0.73253553497188,0.7284199946326927,0.16977381413114265,0.991429715999022,0.048164913892637315,4.811534217542151,0.09019627870821692,58.43321673348405,chicago;la;nyc
BURGLARY,PHASE_FirstQ,0,PHASE,POST,3,-0.10311795841155785,-0.5308980704636554,0.3246621536405397,0.09942241192268098,0.4086065955480622,0.0,1.1263732275223792,0.5693917382806073,0.0,chicago;la;nyc
BURGLARY,PHASE_FirstQ,1,PHASE,POST,3,-0.04809747480217498,-0.4757909505632186,0.37959600095886864,0.0994022763699193,0.6762781626832493,0.0,0.40256515712458424,0.8176813396872116,0.0,chicago;la;nyc
BURGLARY,PHASE_FirstQ,WIN3,PHASE,POST,3,-0.0705259121747067,-0.33048349198108906,0.18943166763167563,0.0604179784280989,0.36343083970543766,0.0,0.6542822740196521,0.7209819786048142,0.0,chicago;la;nyc
BURGLARY,PHASE_FirstQ,-1,PHASE,PRE,4,0.00806301518529446,-0.11578416993308019,0.13191020030366912,0.0389157186761435,0.8491267825605968,0.0,2.7214611120964793,0.43659251489380235,0.0,chicago;la;nyc;sf
BURGLARY,PHASE_FirstQ,0,PHASE,PRE,4,0.044869317230845154,-0.07897763827313241,0.1687162727348227,0.0389156465258619,0.3324449360532848,0.0,1.3346359973373318,0.7209253064786214,0.0,chicago;la;nyc;sf
BURGLARY,PHASE_FirstQ,1,PHASE,PRE,4,-0.0031930184507603845,-0.1270376255700939,0.12065158866857313,0.038914908607789206,0.9397737274808271,0.0,1.6733473608960305,0.6428754523591749,0.0,chicago;la;nyc;sf
BURGLARY,PHASE_FirstQ,WIN3,PHASE,PRE,4,0.015632897095118684,-0.07462503473011516,0.10589082892035252,0.028361179786557878,0.6198876716597989,0.0009422226459217583,3.9664109716867797,0.2651140554498649,24.364872389302565,chicago;la;nyc;sf
BURGLARY,PHASE_FirstQ,-1,PHASE,PRE2014,4,0.0060158278843721975,-0.14461355807502074,0.15664521384376512,0.04733132047170185,0.9069016588035489,0.0,1.8160002431304259,0.6114593087999656,0.0,chicago;la;nyc;sf
BURGLARY,PHASE_FirstQ,0,PHASE,PRE2014,4,0.07600682095813806,-0.07463007917038762,0.22664372108666375,0.04733368160160379,0.2066748247862188,0.0,0.9878097253877904,0.8042016097296577,0.0,chicago;la;nyc;sf
BURGLARY,PHASE_FirstQ,1,PHASE,PRE2014,4,0.00536384409734465,-0.1452654752378842,0.15599316343257347,0.0473312995368116,0.9169306596897235,0.0,1.8025709103981646,0.614375636710893,0.0,chicago;la;nyc;sf
BURGLARY,PHASE_FirstQ,WIN3,PHASE,PRE2014,4,0.02860646423281677,-0.07593036999888247,0.13314329846451603,0.03284794909441899,0.44790829423515666,0.0008975552454774404,3.1194168576091315,0.37357739036995846,3.828178889199765,chicago;la;nyc;sf
BURGLARY,PHASE_Full,-1,PHASE,POST,3,-0.07548746244841208,-0.8112594446788155,0.6602845197819913,0.1710042684021967,0.7020359392399393,0.053510565841613365,5.459688569741401,0.06522944608898472,63.36787392811436,chicago;la;nyc
BURGLARY,PHASE_Full,0,PHASE,POST,3,0.06076828166919901,-0.36883397522027217,0.4903705385586702,0.09984590527709405,0.6046933443806193,0.0,0.3599986654948189,0.8352707687476704,0.0,chicago;la;nyc
BURGLARY,PHASE_Full,1,PHASE,POST,3,0.1412399755066633,-0.2885267678219533,0.5710067188352799,0.09988413435331259,0.2929370786116223,0.0,1.799121453523652,0.4067482941433602,0.0,chicago;la;nyc
BURGLARY,PHASE_Full,WIN3,PHASE,POST,3,0.03337476324575614,-0.2773351372731292,0.34408466376464153,0.07221356684782414,0.6893653182045409,0.003978949325246131,2.4935280080203617,0.28743342694515034,19.79235871556056,chicago;la;nyc
BURGLARY,PHASE_Full,-1,PHASE,PRE,4,-0.026905723785534016,-0.15083385933479326,0.09702241176372524,0.03894115521870203,0.5392699581879131,0.0,1.0065810197803855,0.7996595485052748,0.0,chicago;la;nyc;sf
BURGLARY,PHASE_Full,0,PHASE,PRE,4,0.07423145932199648,-0.05196655097979258,0.20042946962378555,0.03965440362410664,0.1579466245424461,0.00021128052392558832,2.530865407638034,0.46973882884150253,0.0,chicago;la;nyc;sf
BURGLARY,PHASE_Full,1,PHASE,PRE,4,0.018247091836119996,-0.10568279855776361,0.1421769822300036,0.038941706632443535,0.6713197933752783,0.0,1.9987687760526827,0.572662288941771,0.0,chicago;la;nyc;sf
BURGLARY,PHASE_Full,WIN3,PHASE,PRE,4,0.021744044463140693,-0.05355994400809223,0.09704803293437363,0.02366229662577343,0.4258994354036066,0.0,2.1186480824195373,0.5481493516529135,0.0,chicago;la;nyc;sf
BURGLARY,PHASE_Full,-1,PHASE,PRE2014,4,-0.00011014311597605705,-0.1513411833214346,0.15112089708948245,0.04752037448498295,0.9982961691518017,0.0,0.4425562683261766,0.9313176274041555,0.0,chicago;la;nyc;sf
BURGLARY,PHASE_Full,0,PHASE,PRE2014,4,0.07196575260117276,-0.15384802858417485,0.2977795337865204,0.0709560380674443,0.3851598679594525,0.010309096063768283,6.310170725441693,0.09745716500401637,52.45770470354415,chicago;la;nyc;sf
BURGLARY,PHASE_Full,1,PHASE,PRE2014,4,-0.015226505602415338,-0.21071171744367076,0.18025870623884008,0.06142608329845624,0.8202228105992848,0.005511557171906815,4.65171846161268,0.19915004857840066,35.50770484592171,chicago;la;nyc;sf
BURGLARY,PHASE_Full,WIN3,PHASE,PRE2014,4,0.022294867492878026,-0.12560390597240528,0.1701936409581613,0.04647329735609558,0.6642197440634177,0.004970320822528484,7.212684951086308,0.06541903759362039,58.40661251191669,chicago;la;nyc;sf
BURGLARY,PHASE_LastQ,-1,PHASE,POST,3,-0.16703118253117705,-0.7207267483228126,0.38666438326045843,0.1286870218389059,0.3238219876184577,0.015287701093556379,2.967955207876209,0.22673403419867652,32.61353828074961,chicago;la;nyc
BURGLARY,PHASE_LastQ,0,PHASE,POST,3,-0.011458136525529747,-0.5610299516247312,0.5381136785736718,0.12772860131289585,0.9366948759803649,0.017280968345126838,2.807326610859739,0.24569525656776392,28.757844126034794,chicago;la;nyc
BURGLARY,PHASE_LastQ,1,PHASE,POST,3,0.05472779206029829,-0.3711638434016805,0.48061942752227704,0.09898350208989692,0.6358803992218671,0.0,1.7390923212079057,0.41914172911801695,0.0,chicago;la;nyc
BURGLARY,PHASE_LastQ,WIN3,PHASE,POST,3,-0.039055890991414016,-0.2989928693835008,0.22088108740067278,0.06041319035534709,0.5842498662443686,0.0,0.9432627864675978,0.6239834750632529,0.0,chicago;la;nyc
BURGLARY,PHASE_LastQ,-1,PHASE,PRE,4,-0.05285400823051619,-0.17670524124134154,0.07099722478030918,0.03891699061981902,0.2675392860375488,0.0,2.6140717264353226,0.45502793043580303,0.0,chicago;la;nyc;sf
BURGLARY,PHASE_LastQ,0,PHASE,PRE,4,-0.007971877116134536,-0.1318161875802252,0.11587243334795612,0.03891481539168612,0.8507972513278503,0.0,1.5253019039524411,0.6764430964245562,0.0,chicago;la;nyc;sf
BURGLARY,PHASE_LastQ,1,PHASE,PRE,4,0.03323612460943891,-0.09061056528482547,0.1570828145037033,0.0389155630649995,0.45584656281265173,0.0,1.8393803804643123,0.6064030470688282,0.0,chicago;la;nyc;sf
BURGLARY,PHASE_LastQ,WIN3,PHASE,PRE,4,-0.009174893771431167,-0.08443121424616046,0.06608142670329811,0.023647318212335785,0.7239172119971329,0.0,1.6157317418736135,0.6558280368304552,0.0,chicago;la;nyc;sf
BURGLARY,PHASE_LastQ,-1,PHASE,PRE2014,4,-0.07019908542556184,-0.22129176947213652,0.08089359862101282,0.047476899703129086,0.23578522494208612,0.0,1.5540391915477176,0.6698554264077852,0.0,chicago;la;nyc;sf
BURGLARY,PHASE_LastQ,0,PHASE,PRE2014,4,-0.049828031068135645,-0.20091152641945648,0.10125546428318517,0.04747401239746155,0.371002798163337,0.0,0.5214542552258097,0.9141533475854646,0.0,chicago;la;nyc;sf
BURGLARY,PHASE_LastQ,1,PHASE,PRE2014,4,-0.004995035281513096,-0.15607950583613134,0.14608943527310514,0.047474318829433655,0.9228451655918755,0.0,1.8401771914101634,0.6062311987561944,0.0,chicago;la;nyc;sf
BURGLARY,PHASE_LastQ,WIN3,PHASE,PRE2014,4,-0.04158122481859863,-0.135119595106164,0.05195714546896672,0.02939197124308129,0.25208317456071544,0.00011056839738228837,2.3542136320497624,0.5022146416796514,0.0,chicago;la;nyc;sf
BURGLARY,PHASE_New,-1,PHASE,POST,3,0.025564474667152483,-0.6472782176609095,0.6984071669952145,0.15637857261503393,0.8851681912623579,0.02900746849799184,3.880679256805233,0.14365515212179425,48.46263069815002,chicago;la;nyc
BURGLARY,PHASE_New,0,PHASE,POST,3,0.000660541905266567,-0.4251595945429411,0.4264806783534742,0.09896688466379659,0.9952805581338338,0.0,0.7300329142400656,0.6941852264943755,0.0,chicago;la;nyc
BURGLARY,PHASE_New,1,PHASE,POST,3,0.11158642471084099,-0.31426328941102766,0.5374361388327096,0.0989737589517113,0.37663297025923836,0.0,0.011378649530555607,0.9943268287940643,0.0,chicago;la;nyc
BURGLARY,PHASE_New,WIN3,PHASE,POST,3,0.03954644795616579,-0.25193542583960943,0.331028321751941,0.06774468963856164,0.6184489725141424,0.0,2.5339707456955503,0.2816795017895219,21.072490540887458,chicago;la;nyc
BURGLARY,PHASE_New,-1,PHASE,PRE,4,0.021220696024549592,-0.10245652343435271,0.1448979154834519,0.03886231144058696,0.6230202205450819,0.0,1.4462937104259495,0.6947199986339019,0.0,chicago;la;nyc;sf
BURGLARY,PHASE_New,0,PHASE,PRE,4,0.010220322802136578,-0.11345552626833945,0.1338961718726126,0.03886188083208808,0.8095850476247928,0.0,1.1000088273837882,0.7770719526490818,0.0,chicago;la;nyc;sf
BURGLARY,PHASE_New,1,PHASE,PRE,4,-0.04737777704989018,-0.1710597399714946,0.07630418587171423,0.038863801948908885,0.3099271082448179,0.0,2.241132164915577,0.52389212194788,0.0,chicago;la;nyc;sf
BURGLARY,PHASE_New,WIN3,PHASE,PRE,4,-0.005344149121671858,-0.08050914391381848,0.06982084567047477,0.02361862151997337,0.8355326619210459,0.0,2.1455644080586715,0.5427499112208711,0.0,chicago;la;nyc;sf
BURGLARY,PHASE_New,-1,PHASE,PRE2014,4,0.06246092448276856,-0.08832039291413658,0.21324224187967372,0.04737906092760834,0.2790119087642482,0.0,0.2677096090044596,0.965982442781886,0.0,chicago;la;nyc;sf
BURGLARY,PHASE_New,0,PHASE,PRE2014,4,0.00161428516339135,-0.16487741236264894,0.16810598268943164,0.05231563443807071,0.9773219151223582,0.0017491887561747691,2.9795626178046453,0.39478696389817636,0.0,chicago;la;nyc;sf
BURGLARY,PHASE_New,1,PHASE,PRE2014,4,-0.08008921356291059,-0.2308835133549345,0.07070508622911333,0.04738314030362081,0.18956108342767722,0.0,2.1377205052781934,0.544319420758488,0.0,chicago;la;nyc;sf
BURGLARY,PHASE_New,WIN3,PHASE,PRE2014,4,-0.006349331454060226,-0.11033739128573039,0.09763872837760995,0.032675511181132634,0.8583433983183081,0.0008517308003883102,3.27835245711241,0.3506669619218645,8.49062023543327,chicago;la;nyc;sf
BURGLARY,PHASE_Quadrature,-1,PHASE,POST,3,-0.10095373244228645,-0.4127978474059349,0.210890382521362,0.07247717502538747,0.29828132115529693,0.0,0.1357104380340219,0.9343957465191843,0.0,chicago;la;nyc
BURGLARY,PHASE_Quadrature,0,PHASE,POST,3,-0.06770849882314886,-0.3846559501811839,0.24923895253488623,0.07366326572686666,0.4550435289896201,0.0005981404244160324,1.9410532950578367,0.37888344751968395,0.0,chicago;la;nyc
BURGLARY,PHASE_Quadrature,1,PHASE,POST,3,0.003475806016810238,-0.3063626462978781,0.3133142583314986,0.0720110294229043,0.9658894510130833,0.0,0.8448771870876326,0.6554465017379921,0.0,chicago;la;nyc
BURGLARY,PHASE_Quadrature,WIN3,PHASE,POST,3,-0.05479464860286304,-0.25159723668179523,0.14200793947606913,0.04573982620550243,0.35364237439476276,0.0,1.3185669195021337,0.5172218119907458,0.0,chicago;la;nyc
BURGLARY,PHASE_Quadrature,-1,PHASE,PRE,4,-0.022362645696492756,-0.11226502426892832,0.06753973287594281,0.028249456533848822,0.4864021352081429,0.0,2.5601011578624187,0.4645273018267858,0.0,chicago;la;nyc;sf
BURGLARY,PHASE_Quadrature,0,PHASE,PRE,4,0.018426585895508548,-0.07147337990519001,0.10832655169620711,0.028248698383826622,0.5607310150136166,0.0,1.296120699637401,0.7300544601605752,0.0,chicago;la;nyc;sf
BURGLARY,PHASE_Quadrature,1,PHASE,PRE,4,0.014931595310725002,-0.07496785518451358,0.1048310458059636,0.028248536462646957,0.6337058847341839,0.0,1.132567400135412,0.7692185648145007,0.0,chicago;la;nyc;sf
BURGLARY,PHASE_Quadrature,WIN3,PHASE,PRE,4,0.0036026458762482487,-0.05336127996544071,0.06056657171793721,0.017899414594082466,0.8533600767608771,0.0,0.5153699328005351,0.9155019594960775,0.0,chicago;la;nyc;sf
BURGLARY,PHASE_Quadrature,-1,PHASE,PRE2014,4,-0.03177921147081683,-0.14129282574951027,0.07773440280787661,0.03441177125183623,0.4238599117226105,0.0,0.6421364334493327,0.8867220078824783,0.0,chicago;la;nyc;sf
BURGLARY,PHASE_Quadrature,0,PHASE,PRE2014,4,0.013231314519780152,-0.09628005231066364,0.12274268135022395,0.03441106505036917,0.7262395463063002,0.0,0.5942841231229472,0.8977396371862121,0.0,chicago;la;nyc;sf
BURGLARY,PHASE_Quadrature,1,PHASE,PRE2014,4,0.00014917598029122106,-0.1093601787864516,0.10965853074703405,0.03441043281230199,0.9968131880081244,0.0,0.06862435379596059,0.9953160440362049,0.0,chicago;la;nyc;sf
BURGLARY,PHASE_Quadrature,WIN3,PHASE,PRE2014,4,-0.006161453748882965,-0.07556581484007235,0.06324290734230642,0.021808493980227592,0.795911979885195,0.0,0.0674708313991777,0.9954320725319198,0.0,chicago;la;nyc;sf
BURGLARY,PHASE_Syzygy,-1,PHASE,POST,3,-0.023080108196706174,-0.542194733741144,0.4960345173477317,0.12064990092312153,0.8659525569372374,0.023620605947471066,4.6314860085175384,0.09869282756224391,56.81731529962741,chicago;la;nyc
BURGLARY,PHASE_Syzygy,0,PHASE,POST,3,0.030246765920509986,-0.28022187931105413,0.34071541115207415,0.07215749555820876,0.715817683348144,0.0,0.20250610177131162,0.9037043207704409,0.0,chicago;la;nyc
BURGLARY,PHASE_Syzygy,1,PHASE,POST,3,0.12627471180548264,-0.18432979863056578,0.4368792222415311,0.07218907263705283,0.22235888629389033,0.0,0.9617982762644786,0.6182272701155471,0.0,chicago;la;nyc
BURGLARY,PHASE_Syzygy,WIN3,PHASE,POST,3,0.036229584315876376,-0.2124969315716651,0.2849561002034179,0.05780771340686536,0.5948408020615568,0.0015828137745862016,2.897724369813134,0.23483733760573366,30.980323013642106,chicago;la;nyc
BURGLARY,PHASE_Syzygy,-1,PHASE,PRE,4,-0.0028475741977229967,-0.09271732499968065,0.08702217660423466,0.028239204115630884,0.926040726960194,0.0,0.912887083886132,0.8223167979046591,0.0,chicago;la;nyc;sf
BURGLARY,PHASE_Syzygy,0,PHASE,PRE,4,0.041897433896318816,-0.04797638320241394,0.13177125099505158,0.028240481842381007,0.23455878691470342,0.0,1.1909551068282624,0.7551744581943314,0.0,chicago;la;nyc;sf
BURGLARY,PHASE_Syzygy,1,PHASE,PRE,4,-0.014555252579252052,-0.1044278337563416,0.07531732859783749,0.02824009348652999,0.6418411737419494,0.0,2.375288091116935,0.4982513136057437,0.0,chicago;la;nyc;sf
BURGLARY,PHASE_Syzygy,WIN3,PHASE,PRE,4,0.008165397834855342,-0.04878451141374512,0.06511530708345581,0.017895010248574664,0.6791854176414089,0.0,1.7208987788889576,0.6322975577242245,0.0,chicago;la;nyc;sf
BURGLARY,PHASE_Syzygy,-1,PHASE,PRE2014,4,0.031220608404354384,-0.07839667860964214,0.1408378954183509,0.034444347680582556,0.4315396330514248,0.0,0.3509307257734849,0.9501816363360149,0.0,chicago;la;nyc;sf
BURGLARY,PHASE_Syzygy,0,PHASE,PRE2014,4,0.03463784736437475,-0.07498466159495652,0.14426035632370604,0.034445988539479715,0.38870551450386026,0.0,1.9096155769914198,0.5913765606078871,0.0,chicago;la;nyc;sf
BURGLARY,PHASE_Syzygy,1,PHASE,PRE2014,4,-0.05272140313961316,-0.16235058652504228,0.05690778024581595,0.034448085802232194,0.22339842715484312,0.0,2.8081443701518003,0.42216096300424755,0.0,chicago;la;nyc;sf
BURGLARY,PHASE_Syzygy,WIN3,PHASE,PRE2014,4,0.004242217977482893,-0.06611739541022636,0.07460183136519215,0.022108656875335586,0.8600891809324425,0.0,3.077851429538045,0.37977707469135735,2.5294083005731616,chicago;la;nyc;sf
BURGLARY,WAVE_after_quadrature,-1,WAVE,POST,3,0.04218853090362215,-0.3160496089433682,0.40042667075061245,0.08325983116752476,0.6626996935371254,0.005049552179342048,2.27174530006459,0.32114175465861505,11.961961583319395,chicago;la;nyc
BURGLARY,WAVE_after_quadrature,0,WAVE,POST,3,-0.023291817850545526,-0.3441305480044126,0.2975469123033216,0.0745676563529042,0.7843274343103247,0.0014386072785898243,1.741838081249893,0.4185666926305176,0.0,chicago;la;nyc
BURGLARY,WAVE_after_quadrature,1,WAVE,POST,3,0.046079213492157337,-0.25856176069384734,0.350720187678162,0.07080305879287607,0.5819512549341008,0.0,0.34986562485227646,0.8395134237445625,0.0,chicago;la;nyc
BURGLARY,WAVE_after_quadrature,WIN3,WAVE,POST,3,0.022935382382410278,-0.1670927988788908,0.21296356364371136,0.044165354073258216,0.6552994588004921,0.0,0.2459852869919277,0.884270167673951,0.0,chicago;la;nyc
BURGLARY,WAVE_after_quadrature,-1,WAVE,PRE,4,-0.03160652953516225,-0.11985040170967975,0.05663734263935525,0.027728314544692805,0.3371099392616808,0.0,0.4737480126798065,0.9246198250778955,0.0,chicago;la;nyc;sf
BURGLARY,WAVE_after_quadrature,0,WAVE,PRE,4,0.020345348949988632,-0.06786846237695836,0.10855916027693562,0.027718868714445614,0.5161171707606528,0.0,0.5390954288277474,0.910222090705733,0.0,chicago;la;nyc;sf
BURGLARY,WAVE_after_quadrature,1,WAVE,PRE,4,0.04860487605928935,-0.03961285724911553,0.13682260936769422,0.027720101093905207,0.1778116874326987,0.0,1.6721459692458052,0.6431440346876787,0.0,chicago;la;nyc;sf
BURGLARY,WAVE_after_quadrature,WIN3,WAVE,PRE,4,0.014570645099513363,-0.040518659617580895,0.06965994981660761,0.017310364239491408,0.46174375613050334,0.0,0.5456898115284213,0.908744817431628,0.0,chicago;la;nyc;sf
BURGLARY,WAVE_after_quadrature,-1,WAVE,PRE2014,4,-0.035754010085599634,-0.14326222863275273,0.07175420846155345,0.033781628418566585,0.36755736043903176,0.0,0.8937762697957969,0.8269294729601241,0.0,chicago;la;nyc;sf
BURGLARY,WAVE_after_quadrature,0,WAVE,PRE2014,4,0.020446718872158667,-0.08700554677803209,0.12789898452234943,0.03376404669319091,0.5875396778761415,0.0,0.10788914958401402,0.9908741744633304,0.0,chicago;la;nyc;sf
BURGLARY,WAVE_after_quadrature,1,WAVE,PRE2014,4,0.0626276675614092,-0.04483056310658648,0.17008589822940487,0.03376592104305662,0.16066335359678122,0.0,0.11531390101612131,0.9899384050665297,0.0,chicago;la;nyc;sf
BURGLARY,WAVE_after_quadrature,WIN3,WAVE,PRE2014,4,0.01847582682409422,-0.048644587922703236,0.08559624157089168,0.02109082394739795,0.44550787898513433,0.0,0.698788877788585,0.8734887802403154,0.0,chicago;la;nyc;sf
BURGLARY,WAVE_after_syzygy,-1,WAVE,POST,3,-0.03973128751097874,-0.3443938641932518,0.26493128917129427,0.07080807953185397,0.63120190289084,0.0,1.3511391199866563,0.5088665080491598,0.0,chicago;la;nyc
BURGLARY,WAVE_after_syzygy,0,WAVE,POST,3,0.00872666636035275,-0.3265646967272989,0.34401802944800436,0.07792666156241948,0.9210613024724906,0.002697965570397671,1.9392776059236534,0.37921998650517313,0.0,chicago;la;nyc
BURGLARY,WAVE_after_syzygy,1,WAVE,POST,3,0.0719511575736791,-0.23271476918187795,0.37661708432923613,0.07080885813833107,0.41649036538240025,0.0,0.7742434983491837,0.6790084211791891,0.0,chicago;la;nyc
BURGLARY,WAVE_after_syzygy,WIN3,WAVE,POST,3,0.014027413782883335,-0.17622886853445396,0.20428369610022062,0.04421836812537121,0.7811232755828017,0.0,0.9660312297526877,0.6169201901658534,0.0,chicago;la;nyc
BURGLARY,WAVE_after_syzygy,-1,WAVE,PRE,4,-0.019118499453206667,-0.10733202240195096,0.06909502349553763,0.027718778099184573,0.5399278604348126,0.0,0.3310467538374395,0.9540874756562853,0.0,chicago;la;nyc;sf
BURGLARY,WAVE_after_syzygy,0,WAVE,PRE,4,0.008234235396881484,-0.07998081840063648,0.09644928919439943,0.027719259128124833,0.7858027930927555,0.0,2.1489349131959172,0.542076505217832,0.0,chicago;la;nyc;sf
BURGLARY,WAVE_after_syzygy,1,WAVE,PRE,4,-0.012577465960011983,-0.10079078369721733,0.07563585177719337,0.027718713616858952,0.6808199709157254,0.0,0.40846529324960557,0.9384882649845033,0.0,chicago;la;nyc;sf
BURGLARY,WAVE_after_syzygy,WIN3,WAVE,PRE,4,-0.009148423688510529,-0.06423237611848172,0.04593552874146066,0.017308682424117434,0.6337268477969893,0.0,0.29102738714167087,0.961707058379993,0.0,chicago;la;nyc;sf
BURGLARY,WAVE_after_syzygy,-1,WAVE,PRE2014,4,-0.020344992405024093,-0.1279590136569998,0.0872690288469516,0.03381487413418068,0.5898301106065608,0.0,1.429265854867707,0.698689218435107,0.0,chicago;la;nyc;sf
BURGLARY,WAVE_after_syzygy,0,WAVE,PRE2014,4,0.02435551387093346,-0.0832575677477511,0.13196859548961803,0.033814578879146975,0.5234082423606413,0.0,0.782811659238589,0.8535736851441506,0.0,chicago;la;nyc;sf
BURGLARY,WAVE_after_syzygy,1,WAVE,PRE2014,4,-0.034922173899401075,-0.14253694962302849,0.07269260182422632,0.03381511120704204,0.37768523598712356,0.0,1.1071029781777224,0.7753596790555977,0.0,chicago;la;nyc;sf
BURGLARY,WAVE_after_syzygy,WIN3,WAVE,PRE2014,4,-0.012050124219854732,-0.07924094850055821,0.05514070006084875,0.021112948290482422,0.6081228866522463,0.0,0.6229958231327206,0.8911484123883886,0.0,chicago;la;nyc;sf
BURGLARY,WAVE_before_quadrature,-1,WAVE,POST,3,-0.13105708793178855,-0.4371242369982382,0.1750100611346611,0.07113452288492371,0.20675122498516363,0.0,1.3642729385251946,0.5055357761373778,0.0,chicago;la;nyc
BURGLARY,WAVE_before_quadrature,0,WAVE,POST,3,-0.017335541466516495,-0.32333556828502247,0.28866448535198946,0.07111892268380117,0.8301442766581949,0.0,1.9118951382095708,0.3844476811580508,0.0,chicago;la;nyc
BURGLARY,WAVE_before_quadrature,1,WAVE,POST,3,-0.02577194927676761,-0.3317290532388679,0.28018515468533267,0.07110894677844645,0.7517466354911257,0.0,0.0792806428736995,0.9611350766727645,0.0,chicago;la;nyc
BURGLARY,WAVE_before_quadrature,WIN3,WAVE,POST,3,-0.06781926538841172,-0.2680817396378715,0.1324432088610481,0.046543954818218054,0.2824114346512744,0.0,2.199215889049734,0.3330016132146906,9.0584962595834,chicago;la;nyc
BURGLARY,WAVE_before_quadrature,-1,WAVE,PRE,4,-0.00944813890692075,-0.15008884886360513,0.13119257104976362,0.04419264190668632,0.844413398801764,0.004282861054096883,6.975729850393644,0.07267538104957484,56.99374740220612,chicago;la;nyc;sf
BURGLARY,WAVE_before_quadrature,0,WAVE,PRE,4,-0.02512577782962092,-0.1644609489620207,0.11420939330277888,0.043782410688608324,0.6062510878084726,0.004064597641053682,6.795591516273463,0.07870636056530694,55.853732632164935,chicago;la;nyc;sf
BURGLARY,WAVE_before_quadrature,1,WAVE,PRE,4,-0.007465111018958434,-0.09570818891019095,0.08077796687227409,0.0277280649620734,0.8052107135769024,0.0,0.9579348262115658,0.8114289644085435,0.0,chicago;la;nyc;sf
BURGLARY,WAVE_before_quadrature,WIN3,WAVE,PRE,4,-0.015549741463062008,-0.09115661426794483,0.06005713134182081,0.023757470056711437,0.559479528659533,0.0010284548719424812,5.4891178196656565,0.13929094297408112,45.346409048608635,chicago;la;nyc;sf
BURGLARY,WAVE_before_quadrature,-1,WAVE,PRE2014,4,-0.028655711221958365,-0.1361650103588062,0.07885358791488947,0.033781967965440626,0.4586141303547658,0.0,1.8483226157941999,0.6044762688493339,0.0,chicago;la;nyc;sf
BURGLARY,WAVE_before_quadrature,0,WAVE,PRE2014,4,-0.041988715343903416,-0.14949928866622447,0.06552185797841763,0.03378236834469324,0.3021890314475181,0.0,1.6802046793081096,0.641343679021565,0.0,chicago;la;nyc;sf
BURGLARY,WAVE_before_quadrature,1,WAVE,PRE2014,4,-0.007670050351034412,-0.11517561524218402,0.0998355145401152,0.03378079457700292,0.8349747869930388,0.0,0.5902866702483828,0.898652373675854,0.0,chicago;la;nyc;sf
BURGLARY,WAVE_before_quadrature,WIN3,WAVE,PRE2014,4,-0.030544157040779712,-0.09768555105382089,0.03659723697226146,0.021097416129710306,0.24350249208753055,0.0,2.065537487880818,0.5589161646327718,0.0,chicago;la;nyc;sf
BURGLARY,WAVE_before_syzygy,-1,WAVE,POST,3,0.011675638317207677,-0.29297461678980324,0.31632589342421863,0.07080521581590102,0.8841841470143429,0.0,1.132836423638079,0.5675546629882462,0.0,chicago;la;nyc
BURGLARY,WAVE_before_syzygy,0,WAVE,POST,3,-0.015012330932276982,-0.31967570877709806,0.28965104691254406,0.07080826573385501,0.8517403946193464,0.0,1.6589735915259405,0.43627312609567703,0.0,chicago;la;nyc
BURGLARY,WAVE_before_syzygy,1,WAVE,POST,3,0.04447979559023476,-0.2601602204414932,0.34911981162196265,0.07080283610368014,0.5940335872328657,0.0,0.34149550113686455,0.8430342015509698,0.0,chicago;la;nyc
BURGLARY,WAVE_before_syzygy,WIN3,WAVE,POST,3,0.01604764681944504,-0.17420728172064626,0.20630257535953633,0.044218053487557966,0.7514306767996811,0.0,0.8450924022415882,0.6553759745228009,0.0,chicago;la;nyc
BURGLARY,WAVE_before_syzygy,-1,WAVE,PRE,4,0.004644152255202723,-0.0960431145096838,0.10533141902008923,0.03163832382582584,0.8926081312756857,0.000892934148103386,3.826373381909404,0.2808333315928254,21.596778448658196,chicago;la;nyc;sf
BURGLARY,WAVE_before_syzygy,0,WAVE,PRE,4,0.05409705799611164,-0.03409267669732649,0.14228679268954977,0.027711303265982624,0.14596451265223453,0.0,2.1450684631105306,0.542849049110887,0.0,chicago;la;nyc;sf
BURGLARY,WAVE_before_syzygy,1,WAVE,PRE,4,-0.02830803212158199,-0.11652195378259078,0.0599058895394268,0.02771890338402091,0.382306948633316,0.0,0.13707859723051924,0.9870436214323098,0.0,chicago;la;nyc;sf
BURGLARY,WAVE_before_syzygy,WIN3,WAVE,PRE,4,0.012887671953279963,-0.04218816136129019,0.06796350526785011,0.017306131205770858,0.5104897703216618,0.0,2.5437812050644735,0.4674307720954278,0.0,chicago;la;nyc;sf
BURGLARY,WAVE_before_syzygy,-1,WAVE,PRE2014,4,0.01940784639287304,-0.11297128233224288,0.15178697511798897,0.041596657422093265,0.6725985089660664,0.0021218514426781182,4.059399458746497,0.2551210852040747,26.097442971863355,chicago;la;nyc;sf
BURGLARY,WAVE_before_syzygy,0,WAVE,PRE2014,4,0.05946697751166801,-0.048152272791713004,0.16708622781504903,0.03381651722597351,0.17689952232209763,0.0,1.396461576749566,0.7063643665853809,0.0,chicago;la;nyc;sf
BURGLARY,WAVE_before_syzygy,1,WAVE,PRE2014,4,-0.04034926766659714,-0.14796285057800856,0.0672643152448143,0.03381473639719403,0.31853738109303653,0.0,0.1362417862761617,0.9871588825532919,0.0,chicago;la;nyc;sf
BURGLARY,WAVE_before_syzygy,WIN3,WAVE,PRE2014,4,0.01763989031481571,-0.04955369698054067,0.08483347761017208,0.02111381649512371,0.46476509685638984,0.0,2.5293756072831806,0.47000563758379965,0.0,chicago;la;nyc;sf
BURGLARY,WAVE_event,-1,WAVE,POST,3,-0.03991731074936153,-0.21223630119606318,0.13240167969734012,0.04004947674660953,0.42392202498450904,0.0,0.34805296080583004,0.8402746465526236,0.0,chicago;la;nyc
BURGLARY,WAVE_event,0,WAVE,POST,3,-0.015581892994491253,-0.18789128275195163,0.15672749676296913,0.04004724540472711,0.7347300424528334,0.0,0.4869470443828299,0.7839002317177743,0.0,chicago;la;nyc
BURGLARY,WAVE_event,1,WAVE,POST,3,0.04385079060672036,-0.12853413236107492,0.21623571357451565,0.04006480043765217,0.3879590992718448,0.0,0.3237308185536297,0.8505556737400519,0.0,chicago;la;nyc
BURGLARY,WAVE_event,WIN3,WAVE,POST,3,-0.01508699872489158,-0.2109013373699931,0.18072733992020995,0.04551014245087127,0.7717746189841109,0.0,1.3535868818551133,0.5082440969880978,0.0,chicago;la;nyc
BURGLARY,WAVE_event,-1,WAVE,PRE,4,-0.01856635600637308,-0.06842994183553652,0.03129722982279036,0.015668319602554777,0.32135026006984524,0.0,1.7599195096574614,0.6236954911970896,0.0,chicago;la;nyc;sf
BURGLARY,WAVE_event,0,WAVE,PRE,4,0.01955063254654387,-0.030310329434745008,0.06941159452783274,0.015667495127411172,0.300614636399227,0.0,1.904306273965718,0.592503828484584,0.0,chicago;la;nyc;sf
BURGLARY,WAVE_event,1,WAVE,PRE,4,8.144286021245647e-05,-0.049788827232428626,0.04995171295285354,0.015670419956444973,0.996179508248467,0.0,0.284450117141173,0.9629259629613316,0.0,chicago;la;nyc;sf
BURGLARY,WAVE_event,WIN3,WAVE,PRE,4,0.0013814507072989581,-0.055335825299714425,0.058098726714312335,0.017821911374541564,0.9430948742523806,0.0,1.1485560062287492,0.7653672548435978,0.0,chicago;la;nyc;sf
BURGLARY,WAVE_event,-1,WAVE,PRE2014,4,-0.018754869363557806,-0.07955909542572943,0.042049356698613816,0.019106127874399585,0.3986742804139233,0.0,0.44159773369887967,0.9315214587612712,0.0,chicago;la;nyc;sf
BURGLARY,WAVE_event,0,WAVE,PRE2014,4,0.019872546167714333,-0.04092770120221088,0.08067279353763954,0.019104877675067137,0.3747186863004935,0.0,1.333245602604485,0.7212541239491728,0.0,chicago;la;nyc;sf
BURGLARY,WAVE_event,1,WAVE,PRE2014,4,-0.006430916239981029,-0.06722978765399476,0.05436795517403271,0.019104445317132554,0.7585762001947552,0.0,1.0458796385972504,0.790152331077391,0.0,chicago;la;nyc;sf
BURGLARY,WAVE_event,WIN3,WAVE,PRE2014,4,-0.0065666657088230915,-0.0933616520824422,0.080228320664796,0.027273040311631084,0.8252463121987477,0.0007454040823430205,4.392410211222392,0.22209016958573544,31.700368232112126,chicago;la;nyc;sf
BURGLARY,WAVE_quadrature,-1,WAVE,POST,3,-0.052255706810356364,-0.2761914485456116,0.17168003492489886,0.052045971590895704,0.42110177984147223,0.0,0.902003731114928,0.6369896538360709,0.0,chicago;la;nyc
BURGLARY,WAVE_quadrature,0,WAVE,POST,3,-0.020231350865843593,-0.2441525551888719,0.2036898534571847,0.05204259288172715,0.734946656593191,0.0,0.9383982188972009,0.6255030271937452,0.0,chicago;la;nyc
BURGLARY,WAVE_quadrature,1,WAVE,POST,3,0.01111127114686084,-0.2130143655846961,0.23523690787841778,0.052090105990818585,0.8508549993736382,0.0,0.098835558423732,0.9517834113016097,0.0,chicago;la;nyc
BURGLARY,WAVE_quadrature,WIN3,WAVE,POST,3,-0.029777361058391297,-0.1857297945596728,0.12617507244289022,0.03624564734795482,0.4976876127093819,0.0,0.7076353278321013,0.7020029561564975,0.0,chicago;la;nyc
BURGLARY,WAVE_quadrature,-1,WAVE,PRE,4,-0.02283648196441997,-0.11141719542022435,0.06574423149138442,0.027834158052791456,0.4720802886490635,0.0011417842614842681,5.184597016422553,0.15876845417204355,42.13629351524714,chicago;la;nyc;sf
BURGLARY,WAVE_quadrature,0,WAVE,PRE,4,-0.0006283064189505237,-0.0691586389004532,0.06790202606255216,0.021533853491168774,0.9785554427009724,0.0,3.360190167217499,0.33935276860240216,10.719338766346217,chicago;la;nyc;sf
BURGLARY,WAVE_quadrature,1,WAVE,PRE,4,0.022186719480174137,-0.04259446902136967,0.08696790798171794,0.02035578366050623,0.3554555841715735,0.0,0.38848167402949674,0.9426114978812736,0.0,chicago;la;nyc;sf
BURGLARY,WAVE_quadrature,WIN3,WAVE,PRE,4,-0.0016367863508509998,-0.046752171842235624,0.04347859914053362,0.01417632260329835,0.9153758007966637,0.0,1.7325256491361496,0.6297269738599622,0.0,chicago;la;nyc;sf
BURGLARY,WAVE_quadrature,-1,WAVE,PRE2014,4,-0.03473014547845095,-0.11367452131369474,0.04421423035679284,0.024806192551987866,0.2559913290219002,0.0,2.18184049207896,0.5355340795294421,0.0,chicago;la;nyc;sf
BURGLARY,WAVE_quadrature,0,WAVE,PRE2014,4,-0.011596824561064485,-0.0905194683475132,0.06732581922538422,0.024799363827569487,0.6719254402873043,0.0,1.0870779584899957,0.7801943961911992,0.0,chicago;la;nyc;sf
BURGLARY,WAVE_quadrature,1,WAVE,PRE2014,4,0.02964945916189295,-0.049274242082934794,0.10857316040672069,0.024799696106036297,0.31775666399480346,0.0,0.6175416496696372,0.8924051327852643,0.0,chicago;la;nyc;sf
BURGLARY,WAVE_quadrature,WIN3,WAVE,PRE2014,4,-0.008090533771720093,-0.06309061433312091,0.04690954678968072,0.017282327896648703,0.671597733152181,0.0,2.8499320290225625,0.41534603926029534,0.0,chicago;la;nyc;sf
BURGLARY,WAVE_syzygy,-1,WAVE,POST,3,-0.015125777414318663,-0.23883063408467545,0.2085790792560381,0.05199231049403215,0.7985053917636886,0.0,1.2747440853719683,0.5286799484042959,0.0,chicago;la;nyc
BURGLARY,WAVE_syzygy,0,WAVE,POST,3,-0.0023811808489203,-0.28347012094818413,0.2787077592503435,0.06532921845150041,0.9742352622913171,0.00411562427977123,2.893717366871739,0.23530830619258994,30.884749737597716,chicago;la;nyc
BURGLARY,WAVE_syzygy,1,WAVE,POST,3,0.06278677366608544,-0.16093565596602105,0.2865092032981919,0.05199639470971342,0.3506548194891247,0.0,0.8946815047785648,0.6393260192852106,0.0,chicago;la;nyc
BURGLARY,WAVE_syzygy,WIN3,WAVE,POST,3,0.020186105116997893,-0.1356830971901611,0.1760553074241569,0.03622630318997803,0.633414034608637,0.0,0.6042508825043427,0.7392453272135809,0.0,chicago;la;nyc
BURGLARY,WAVE_syzygy,-1,WAVE,PRE,4,-0.0064007460567566034,-0.0711634875857994,0.0583619954722862,0.020349987184860946,0.7737219456781264,0.0,2.9062341030039387,0.40630910823172417,0.0,chicago;la;nyc;sf
BURGLARY,WAVE_syzygy,0,WAVE,PRE,4,0.03361167665243866,-0.031151258697732866,0.09837461200261019,0.020350048088049914,0.19716820020113915,0.0,0.5241400312106398,0.9135568313257418,0.0,chicago;la;nyc;sf
BURGLARY,WAVE_syzygy,1,WAVE,PRE,4,-0.022042464739270528,-0.08681362043973835,0.04272869096119729,0.020352631116798157,0.35807488355879025,0.0,0.08372986975606331,0.9937157054336212,0.0,chicago;la;nyc;sf
BURGLARY,WAVE_syzygy,WIN3,WAVE,PRE,4,0.002510815762442312,-0.042604064489602876,0.0476256960144875,0.014176163845132159,0.8707007753842373,0.0,0.7719442303420011,0.8561651527260888,0.0,chicago;la;nyc;sf
BURGLARY,WAVE_syzygy,-1,WAVE,PRE2014,4,0.0009501613165597138,-0.08497567286507661,0.08687599549819604,0.026999932108504578,0.974137847266879,0.0003869535582727624,3.4597108635971017,0.3260252027947833,13.287551524439673,chicago;la;nyc;sf
BURGLARY,WAVE_syzygy,0,WAVE,PRE2014,4,0.04518776625863268,-0.033827840911875746,0.12420337342914112,0.024828575124522197,0.16632221121989724,0.0,1.0269329990264828,0.7947353483167605,0.0,chicago;la;nyc;sf
BURGLARY,WAVE_syzygy,1,WAVE,PRE2014,4,-0.040579629093639796,-0.119594391413052,0.03843513322577241,0.024828309652298892,0.2006846194140984,0.0,1.0692472240120414,0.7845026266729256,0.0,chicago;la;nyc;sf
BURGLARY,WAVE_syzygy,WIN3,WAVE,PRE2014,4,0.003747357822914891,-0.05127410115903679,0.05876881680486657,0.017289045502697664,0.8423080795577287,0.0,2.7505211527975595,0.43170991408851067,0.0,chicago;la;nyc;sf
ROBBERY,PHASE_FirstQ,-1,PHASE,POST,3,0.059303174889758094,-0.39192464788567205,0.5105309976651883,0.10487200597462495,0.6287247723979954,0.0,2.225057132129562,0.3287267021241711,10.114667568745253,chicago;la;nyc
ROBBERY,PHASE_FirstQ,0,PHASE,POST,3,0.10967897043159687,-0.4691954131729427,0.6885533540361365,0.13453895072898908,0.5005862169156283,0.015216619593331548,3.177444005956192,0.20418639466310876,37.05632589430517,chicago;la;nyc
ROBBERY,PHASE_FirstQ,1,PHASE,POST,3,0.03664476992769261,-0.5442575118180337,0.617547051673419,0.13501026418805365,0.811515607465521,0.02071244855254606,3.3023212008337968,0.19182714471169157,39.436539380390265,chicago;la;nyc
ROBBERY,PHASE_FirstQ,WIN3,PHASE,POST,3,0.07091217143159337,-0.18905586882433142,0.33088021168751813,0.06042040959096507,0.3613793134892417,0.0,0.9845997189448012,0.6112190585261552,0.0,chicago;la;nyc
ROBBERY,PHASE_FirstQ,-1,PHASE,PRE,4,0.014984723274261504,-0.10886075584232402,0.13883020239084704,0.038915182609977575,0.7258700045269575,0.0,1.9013254684241694,0.5931373346760178,0.0,chicago;la;nyc;sf
ROBBERY,PHASE_FirstQ,0,PHASE,PRE,4,0.003424533466052906,-0.13304985693950758,0.13989892387161337,0.04288348563146309,0.9413799593070507,0.0012385781400566143,3.346915193394686,0.341166119470898,10.365222103008215,chicago;la;nyc;sf
ROBBERY,PHASE_FirstQ,1,PHASE,PRE,4,-0.017241151618386765,-0.1768773170768799,0.14239501384010636,0.05016146390071901,0.7537413558883762,0.0031343838186029503,4.707392901577636,0.19452066660293213,36.27045664714794,chicago;la;nyc;sf
ROBBERY,PHASE_FirstQ,WIN3,PHASE,PRE,4,-0.00043504194663404995,-0.07569080259767796,0.07482071870440987,0.023647142302475364,0.9864771167833053,0.0,1.3171841523828522,0.7250566304062438,0.0,chicago;la;nyc;sf
ROBBERY,PHASE_FirstQ,-1,PHASE,PRE2014,4,0.010313301245034797,-0.14031823642671312,0.1609448389167827,0.04733199659068346,0.8414920767545427,0.0,2.281917480713239,0.5159938861035618,0.0,chicago;la;nyc;sf
ROBBERY,PHASE_FirstQ,0,PHASE,PRE2014,4,0.022694724791421737,-0.18571835947689028,0.23110780905973374,0.06548832698991794,0.7518148120955442,0.0075395785230061695,5.322881486401946,0.14962451794757597,43.63954922415754,chicago;la;nyc;sf
ROBBERY,PHASE_FirstQ,1,PHASE,PRE2014,4,-0.016099420700039675,-0.16673342492904497,0.13453458352896563,0.04733277164138999,0.7561796150385491,0.0,2.7852281215749146,0.42593740774743094,0.0,chicago;la;nyc;sf
ROBBERY,PHASE_FirstQ,WIN3,PHASE,PRE2014,4,0.0012797741597857621,-0.09027702026583374,0.09283656858540527,0.02876931317697172,0.9673139508515609,0.0,1.9710667703993172,0.5784335698585348,0.0,chicago;la;nyc;sf
ROBBERY,PHASE_Full,-1,PHASE,POST,3,0.0396102760981136,-0.5950816212125379,0.6743021734087652,0.1475117647608698,0.8134585350610001,0.03196001174437037,3.895409294432193,0.14260101585547985,48.657513271874905,chicago;la;nyc
ROBBERY,PHASE_Full,0,PHASE,POST,3,-0.011206001367067548,-0.44080507057447915,0.418393067840344,0.09984516441273436,0.9208874676429967,0.0,0.6746220445562007,0.713686832875333,0.0,chicago;la;nyc
ROBBERY,PHASE_Full,1,PHASE,POST,3,-0.10543138673088037,-0.5366660279305646,0.32580325446880387,0.10022529548419738,0.40316966688540345,0.0,2.0140298726009256,0.3653078207477402,0.6966069764798154,chicago;la;nyc
ROBBERY,PHASE_Full,WIN3,PHASE,POST,3,-0.050373638381017924,-0.5070412456176003,0.40629396885556446,0.10613629217267385,0.6818372775310985,0.01944541557115463,5.016352653554329,0.08141658117515621,60.130394768340246,chicago;la;nyc
ROBBERY,PHASE_Full,-1,PHASE,PRE,4,-0.023219058712169668,-0.14715135217717398,0.10071323475283464,0.03894246173430235,0.593007524663578,0.0,2.8662717542084004,0.4127062762311777,0.0,chicago;la;nyc;sf
ROBBERY,PHASE_Full,0,PHASE,PRE,4,0.026956764904629487,-0.10018581454674287,0.15409934435600184,0.03995120962143483,0.5481851961675694,0.0003015954603171914,3.0122170540286963,0.3897453796410135,0.40558345595834805,chicago;la;nyc;sf
ROBBERY,PHASE_Full,1,PHASE,PRE,4,-0.06904154940433246,-0.19297581272654132,0.054892713917876396,0.03894308071008877,0.17436016523481257,0.0,0.9048076173216681,0.8242674679723075,0.0,chicago;la;nyc;sf
ROBBERY,PHASE_Full,WIN3,PHASE,PRE,4,-0.02191707003390755,-0.0972185297998706,0.05338438973205549,0.023661502046689507,0.42262378521062566,0.0,0.1777240584362193,0.9811026611704657,0.0,chicago;la;nyc;sf
ROBBERY,PHASE_Full,-1,PHASE,PRE2014,4,0.004823706531754355,-0.23484072475132223,0.24448813781483092,0.0753082403574659,0.9529573023472584,0.012622793847429545,6.972557283925183,0.07277762796972666,56.9741792309642,chicago;la;nyc;sf
ROBBERY,PHASE_Full,0,PHASE,PRE2014,4,0.0682100163806155,-0.08303959253411702,0.21945962529534802,0.04752620921320543,0.24672498751470662,0.0,2.676010963780133,0.44431938526598214,0.0,chicago;la;nyc;sf
ROBBERY,PHASE_Full,1,PHASE,PRE2014,4,-0.04104689979559405,-0.19229214285080198,0.1101983432596139,0.04752483735674479,0.4512830558321625,0.0,2.9719492343881373,0.39597030319900084,0.0,chicago;la;nyc;sf
ROBBERY,PHASE_Full,WIN3,PHASE,PRE2014,4,0.01050136777594306,-0.08139016164559693,0.10239289719748304,0.028874494840324425,0.7402086001584085,0.0,2.4060058697029096,0.4925176111606523,0.0,chicago;la;nyc;sf
ROBBERY,PHASE_LastQ,-1,PHASE,POST,3,-0.0021507942253724075,-0.4337205874773151,0.4294189990265703,0.10030318976786692,0.984839301771405,0.0,1.383478452490213,0.5007044729739261,0.0,chicago;la;nyc
ROBBERY,PHASE_LastQ,0,PHASE,POST,3,0.014557917978190487,-0.41126075735592077,0.4403765933123018,0.09896654507931507,0.8965431769220695,0.0,0.6886770342240363,0.7086889840910207,0.0,chicago;la;nyc
ROBBERY,PHASE_LastQ,1,PHASE,POST,3,0.06768766169080725,-0.49524205248711456,0.630617375868729,0.13083317421661322,0.6564399354107198,0.019502169879011204,2.9702078675859243,0.2264788006524106,32.66464539986804,chicago;la;nyc
ROBBERY,PHASE_LastQ,WIN3,PHASE,POST,3,0.018186287444063937,-0.2417193442565075,0.2780919191446354,0.06040590492157295,0.7917788577955033,0.0,0.21565718952693552,0.8977814676877118,0.0,chicago;la;nyc
ROBBERY,PHASE_LastQ,-1,PHASE,PRE,4,-0.05960203723024917,-0.21252019591537075,0.09331612145487239,0.048050507067852195,0.302995409797828,0.0029816126616360565,4.4595337119464356,0.21592831386874362,32.72839283704839,chicago;la;nyc;sf
ROBBERY,PHASE_LastQ,0,PHASE,PRE,4,0.007299029041572981,-0.11654357398017272,0.1311416320633187,0.03891427887286344,0.8631853429815204,0.0,0.8209092514073243,0.844459555935768,0.0,chicago;la;nyc;sf
ROBBERY,PHASE_LastQ,1,PHASE,PRE,4,0.02188450800415325,-0.11076224592191716,0.15453126193022368,0.04168075159848522,0.6358791628125275,0.0008488153812093729,3.2679664264726793,0.3521260645783179,8.199791292284244,chicago;la;nyc;sf
ROBBERY,PHASE_LastQ,WIN3,PHASE,PRE,4,-0.011464628757398551,-0.08671930569509596,0.06379004818029886,0.02364680177407597,0.6609953209991052,0.0,0.2797370604798463,0.9637932275528975,0.0,chicago;la;nyc;sf
ROBBERY,PHASE_LastQ,-1,PHASE,PRE2014,4,-0.07273675278653076,-0.22383243186870394,0.07835892629564241,0.047477840814246504,0.22303824205844677,0.0,2.081996496775945,0.5555635726476009,0.0,chicago;la;nyc;sf
ROBBERY,PHASE_LastQ,0,PHASE,PRE2014,4,-0.01409616222992367,-0.165183113663114,0.13699078920326668,0.04747509838023643,0.7859008227291625,0.0,2.3421097301165323,0.5045018336001208,0.0,chicago;la;nyc;sf
ROBBERY,PHASE_LastQ,1,PHASE,PRE2014,4,-0.021054088000800483,-0.17214011457625256,0.13003193857465162,0.04747480776803138,0.6874529307830967,0.0,2.0095557032203106,0.5704257533223784,0.0,chicago;la;nyc;sf
ROBBERY,PHASE_LastQ,WIN3,PHASE,PRE2014,4,-0.03586966129954912,-0.12767658450493946,0.05593726190584124,0.02884790956345451,0.30203281166449997,0.0,0.658781574727302,0.8828533834063488,0.0,chicago;la;nyc;sf
ROBBERY,PHASE_New,-1,PHASE,POST,3,0.13184376595266217,-0.2940994898218408,0.5577870217271652,0.09899549941242494,0.3144193494052815,0.0,1.2619640279962305,0.5320690451218355,0.0,chicago;la;nyc
ROBBERY,PHASE_New,0,PHASE,POST,3,0.0683740957786587,-0.35750023280855914,0.49424842436587657,0.09897947971675919,0.5610989463517488,0.0,1.2368019235733485,0.5388053194150644,0.0,chicago;la;nyc
ROBBERY,PHASE_New,1,PHASE,POST,3,0.04043625530299428,-0.6429435386129506,0.7238160492189393,0.1588275505479165,0.8228242465292119,0.042574005182664125,4.671248260660784,0.09675007901980663,57.184891737758235,chicago;la;nyc
ROBBERY,PHASE_New,WIN3,PHASE,POST,3,0.0785776313071164,-0.23514871521159766,0.3923039778258305,0.07291463341985067,0.39389626003600375,0.004426673903916891,2.4731489040691157,0.2903772172704435,19.131436173965724,chicago;la;nyc
ROBBERY,PHASE_New,-1,PHASE,PRE,4,0.015339211221607816,-0.10948745561269953,0.14016587805591516,0.039223495028663985,0.7218636796711013,0.0,3.055849601989932,0.3830941667705543,1.8276292770941136,chicago;la;nyc;sf
ROBBERY,PHASE_New,0,PHASE,PRE,4,-0.013852427914993831,-0.13752609196367777,0.1098212361336901,0.038861194246492446,0.745092807905729,0.0,0.12806368846785013,0.9882690340285928,0.0,chicago;la;nyc;sf
ROBBERY,PHASE_New,1,PHASE,PRE,4,0.02596596654693083,-0.09771439012679937,0.14964632322066104,0.03886329722778553,0.5518554415920606,0.0,2.608284653348503,0.4560389909772158,0.0,chicago;la;nyc;sf
ROBBERY,PHASE_New,WIN3,PHASE,PRE,4,0.009080994697383238,-0.06608254858020482,0.0842445379749713,0.02361816541972239,0.7262499598276129,0.0,0.9412304042334056,0.8154682620352856,0.0,chicago;la;nyc;sf
ROBBERY,PHASE_New,-1,PHASE,PRE2014,4,0.05977860393405009,-0.09101332579735243,0.21057053366545259,0.04738239557444268,0.2962596220079506,0.0,2.8653663870202437,0.41285217596426815,0.0,chicago;la;nyc;sf
ROBBERY,PHASE_New,0,PHASE,PRE2014,4,-0.048656013985477614,-0.199440104393856,0.10212807642290078,0.047379932273487343,0.38001481606242016,0.0,1.5907135311146647,0.6614972926703622,0.0,chicago;la;nyc;sf
ROBBERY,PHASE_New,1,PHASE,PRE2014,4,-0.002881869640947669,-0.15366051886118035,0.14789677957928501,0.04737822252330658,0.9553225650336509,0.0,1.385450164448426,0.7089488099095824,0.0,chicago;la;nyc;sf
ROBBERY,PHASE_New,WIN3,PHASE,PRE2014,4,0.0026363743423414485,-0.08900164489280105,0.09427439357748393,0.028794835935796625,0.9328208936437562,0.0,1.2493426616851124,0.7411958290275655,0.0,chicago;la;nyc;sf
ROBBERY,PHASE_Quadrature,-1,PHASE,POST,3,0.02338190465764376,-0.3607892123042321,0.4075530216195197,0.08928703781051056,0.8179228065260622,0.002371157496539754,2.8368878953983097,0.24209042933194272,29.500210309889862,chicago;la;nyc
ROBBERY,PHASE_Quadrature,0,PHASE,POST,3,0.06185062275379252,-0.24802431314240517,0.37172555864999024,0.07201950874573171,0.48094499855746664,0.0,1.090126619511598,0.5798050748601558,0.0,chicago;la;nyc
ROBBERY,PHASE_Quadrature,1,PHASE,POST,3,0.042660556229937516,-0.26719137608783117,0.3525124885477062,0.0720141623745802,0.6136428114614114,0.0,0.8372858266125311,0.6579390946215812,0.0,chicago;la;nyc
ROBBERY,PHASE_Quadrature,WIN3,PHASE,POST,3,0.04452438447515954,-0.15226089458851055,0.24130966353882966,0.04573580333488064,0.4329805094931004,0.0,0.9206177993244289,0.631088672317194,0.0,chicago;la;nyc
ROBBERY,PHASE_Quadrature,-1,PHASE,PRE,4,-0.02522634086659677,-0.11512558815731747,0.06467290642412393,0.02824847261097488,0.4376445668337319,0.0,0.4880353380113163,0.9215120225310413,0.0,chicago;la;nyc;sf
ROBBERY,PHASE_Quadrature,0,PHASE,PRE,4,0.005488717250196466,-0.08441118333510601,0.09538861783549894,0.028248677891604658,0.8583539440306184,0.0,1.6441687799674463,0.6494168240357321,0.0,chicago;la;nyc;sf
ROBBERY,PHASE_Quadrature,1,PHASE,PRE,4,0.0020330636476271887,-0.08786639952351338,0.09193252681876776,0.028248540445715568,0.9471548612018864,0.0,1.414038883573434,0.7022472636780138,0.0,chicago;la;nyc;sf
ROBBERY,PHASE_Quadrature,WIN3,PHASE,PRE,4,-0.00595956199294435,-0.06292391383903201,0.0510047898531433,0.017899548454753732,0.7610859581147977,0.0,0.9367752941513809,0.8165452227939656,0.0,chicago;la;nyc;sf
ROBBERY,PHASE_Quadrature,-1,PHASE,PRE2014,4,-0.03096454873131433,-0.14047662854688509,0.07854753108425641,0.03441128908718191,0.4345253599037154,0.0,0.17177849271708504,0.9820112340354752,0.0,chicago;la;nyc;sf
ROBBERY,PHASE_Quadrature,0,PHASE,PRE2014,4,-0.002352375208576185,-0.11186801684844529,0.10716326643129291,0.03441240829673226,0.949801534897975,0.0,2.168329223301558,0.5382134361265201,0.0,chicago;la;nyc;sf
ROBBERY,PHASE_Quadrature,1,PHASE,PRE2014,4,-0.018517803649554326,-0.12803129119114387,0.09099568389203522,0.034411731428036635,0.6278519020896363,0.0,1.1663404376172277,0.7610880602265165,0.0,chicago;la;nyc;sf
ROBBERY,PHASE_Quadrature,WIN3,PHASE,PRE2014,4,-0.01726274777803154,-0.08666948984276285,0.052143994286699774,0.021809242138503812,0.4864422339721976,0.0,1.0381609136928287,0.7920192325128743,0.0,chicago;la;nyc;sf
ROBBERY,PHASE_Syzygy,-1,PHASE,POST,3,0.09570888393112438,-0.30176423375007383,0.49318200161232256,0.09237861911046402,0.409022092807233,0.006017968962030096,2.9296688883052195,0.23111625095697536,31.732899646656744,chicago;la;nyc
ROBBERY,PHASE_Syzygy,0,PHASE,POST,3,0.029237697634645902,-0.281225133712635,0.3397005289819268,0.07215614432569048,0.7245629080774572,0.0,0.05818391559593635,0.9713271392547603,0.0,chicago;la;nyc
ROBBERY,PHASE_Syzygy,1,PHASE,POST,3,-0.046417481066324616,-0.46423474924339975,0.37139978711075056,0.09710689995810605,0.6797962958600972,0.008569512966678832,3.161725037381899,0.20579751742719063,36.74339240909697,chicago;la;nyc
ROBBERY,PHASE_Syzygy,WIN3,PHASE,POST,3,0.0299320602854212,-0.17148734144256986,0.23135146201341225,0.04681284184006538,0.5880272497482986,0.0,2.0950510292743325,0.35080473718149274,4.536931461151834,chicago;la;nyc
ROBBERY,PHASE_Syzygy,-1,PHASE,PRE,4,-0.0038773411154277766,-0.09374966036176213,0.08599497813090659,0.028240011181683324,0.8994908124498745,0.0,2.46445808613542,0.4817485592838636,0.0,chicago;la;nyc;sf
ROBBERY,PHASE_Syzygy,0,PHASE,PRE,4,0.006434754406605564,-0.08343641418221943,0.09630592299543057,0.028239649617842498,0.8344002065601342,0.0,1.7317873102260761,0.6298900259543574,0.0,chicago;la;nyc;sf
ROBBERY,PHASE_Syzygy,1,PHASE,PRE,4,-0.0214368091298763,-0.1113090823980184,0.06843546413826579,0.028239996734246396,0.5029921466610833,0.0,1.8780422088503954,0.598101062483114,0.0,chicago;la;nyc;sf
ROBBERY,PHASE_Syzygy,WIN3,PHASE,PRE,4,-0.006330738542455421,-0.06327969076833458,0.050618213683423736,0.01789470952937016,0.7469085249282789,0.0,0.6995266972450042,0.8733152690157744,0.0,chicago;la;nyc;sf
ROBBERY,PHASE_Syzygy,-1,PHASE,PRE2014,4,0.027127162914083174,-0.16648489707012296,0.22073922289828932,0.06083749462252507,0.6858895854942759,0.008705106378627822,8.025181622841254,0.045494134154014106,62.6176684716841,chicago;la;nyc;sf
ROBBERY,PHASE_Syzygy,0,PHASE,PRE2014,4,0.009563984666368068,-0.1107935570535358,0.12992152638627194,0.037819190074018634,0.8166936167433176,0.0,3.616182352649072,0.30600332239773226,17.039581872791377,chicago;la;nyc;sf
ROBBERY,PHASE_Syzygy,1,PHASE,PRE2014,4,-0.02179785567973509,-0.1314190017009257,0.08782329034145554,0.03444556027203703,0.5717945494019027,0.0,2.0616967597220426,0.5597005498828189,0.0,chicago;la;nyc;sf
ROBBERY,PHASE_Syzygy,WIN3,PHASE,PRE2014,4,0.006667014782630465,-0.06279601413130871,0.07613004369656963,0.021826928799584124,0.7799916174947052,0.0,2.3567557635202325,0.5017352823190517,0.0,chicago;la;nyc;sf
ROBBERY,WAVE_after_quadrature,-1,WAVE,POST,3,0.028198160549602756,-0.27577854718610695,0.3321748682853125,0.0706486734654918,0.728381329124001,0.0,0.3152239840636992,0.8541811467694234,0.0,chicago;la;nyc
ROBBERY,WAVE_after_quadrature,0,WAVE,POST,3,-0.026339443315816603,-0.3303461982079194,0.27766731157628616,0.07065565686812286,0.7451073198971498,0.0,1.5746107183601323,0.4550693931783848,0.0,chicago;la;nyc
ROBBERY,WAVE_after_quadrature,1,WAVE,POST,3,0.06474243123070746,-0.2399243346978459,0.3694091971592608,0.07080905317452131,0.45706484268412073,0.0,1.0062001240778946,0.6046532885260962,0.0,chicago;la;nyc
ROBBERY,WAVE_after_quadrature,WIN3,WAVE,POST,3,0.025916459136849285,-0.16411585736275197,0.21594877563645054,0.044166315163673815,0.6167558305572726,0.0,0.4453270093383811,0.8003841295086795,0.0,chicago;la;nyc
ROBBERY,WAVE_after_quadrature,-1,WAVE,PRE,4,0.015554471661692658,-0.07268906803170713,0.10379801135509245,0.027728210071251366,0.6139946503207289,0.0,1.1449618754847737,0.7662326697604499,0.0,chicago;la;nyc;sf
ROBBERY,WAVE_after_quadrature,0,WAVE,PRE,4,-0.021198693633729754,-0.1094133403454686,0.06701595307800909,0.027719131212131896,0.5000642043754657,0.0,1.2753503573849412,0.7349945330137535,0.0,chicago;la;nyc;sf
ROBBERY,WAVE_after_quadrature,1,WAVE,PRE,4,0.027367513156641963,-0.0865576390783689,0.14129266539165283,0.03579798095755612,0.5002026087474459,0.001984076936709546,4.77768227130877,0.18881918030671016,37.208047131644065,chicago;la;nyc;sf
ROBBERY,WAVE_after_quadrature,WIN3,WAVE,PRE,4,0.008631980949785654,-0.04645764249693779,0.06372160439650909,0.01731046439188947,0.6522896354521687,0.0,1.4843186625462474,0.6858942754042212,0.0,chicago;la;nyc;sf
ROBBERY,WAVE_after_quadrature,-1,WAVE,PRE2014,4,0.015048472917728598,-0.09245883768064252,0.1225557835160997,0.03378134311955605,0.6861666608682816,0.0,1.343999850441587,0.7187123295325639,0.0,chicago;la;nyc;sf
ROBBERY,WAVE_after_quadrature,0,WAVE,PRE2014,4,-0.003899243217173494,-0.11135181221924126,0.10355332578489426,0.033764142013535045,0.9153571642849319,0.0,0.6173972911301879,0.8924383664701541,0.0,chicago;la;nyc;sf
ROBBERY,WAVE_after_quadrature,1,WAVE,PRE2014,4,0.008896293698743209,-0.11041451547197853,0.12820710286946493,0.037490281916968474,0.8277090278783913,0.0009446530934202371,2.854094537849882,0.41467223430052835,0.0,chicago;la;nyc;sf
ROBBERY,WAVE_after_quadrature,WIN3,WAVE,PRE2014,4,0.008111741535041891,-0.059007544837933745,0.07523102790801753,0.021090469385619502,0.7261668401618344,0.0,0.3884783189595359,0.9426121848526114,0.0,chicago;la;nyc;sf
ROBBERY,WAVE_after_syzygy,-1,WAVE,POST,3,-0.014709587385976976,-0.3746876077867347,0.3452684330147807,0.08366420508823628,0.8766283734512259,0.005150144539249043,2.4361898282168584,0.2957931418373,17.904591143298656,chicago;la;nyc
ROBBERY,WAVE_after_syzygy,0,WAVE,POST,3,-0.022363705506233112,-0.41121718585605216,0.3664897748435859,0.09037528817188095,0.8276423803943747,0.008324954111788813,2.841249312706085,0.2415630758488127,29.608429958751337,chicago;la;nyc
ROBBERY,WAVE_after_syzygy,1,WAVE,POST,3,0.048453568082762535,-0.26100230009551706,0.3579094362610421,0.0719221112227976,0.5699311326665116,0.000395775691414225,1.6299481737525472,0.4426507976776225,0.0,chicago;la;nyc
ROBBERY,WAVE_after_syzygy,WIN3,WAVE,POST,3,0.009100425096436155,-0.1811564427110738,0.19935729290394613,0.044218504201928965,0.855990246881825,0.0,1.0616638130654665,0.5881155089798853,0.0,chicago;la;nyc
ROBBERY,WAVE_after_syzygy,-1,WAVE,PRE,4,0.014713089253820885,-0.07350103155953608,0.10292721006717784,0.027718965962405293,0.6323438625324641,0.0,1.083772585633959,0.780992819670852,0.0,chicago;la;nyc;sf
ROBBERY,WAVE_after_syzygy,0,WAVE,PRE,4,0.05283339243645273,-0.042037850728614656,0.1477046356015201,0.029810791468041213,0.17446412195794883,0.00045813826713546227,3.41363420757944,0.33213742785986616,12.117121590269688,chicago;la;nyc;sf
ROBBERY,WAVE_after_syzygy,1,WAVE,PRE,4,0.025361388956730888,-0.06916938460066328,0.11989216251412506,0.029703807853861175,0.45596456622295384,0.0004339808570165785,2.9057498387811567,0.4063861296509953,0.0,chicago;la;nyc;sf
ROBBERY,WAVE_after_syzygy,WIN3,WAVE,PRE,4,0.03546315018143333,-0.019624627943882013,0.09055092830674868,0.01730988454819972,0.1329270787415955,0.0,2.106315734187728,0.5506361044148922,0.0,chicago;la;nyc;sf
ROBBERY,WAVE_after_syzygy,-1,WAVE,PRE2014,4,0.022566728453271442,-0.08771586532355306,0.13284932223009593,0.03465340282213303,0.5613436406374733,0.000200837942332815,3.0027640658290378,0.3911992079842939,0.09205071622151006,chicago;la;nyc;sf
ROBBERY,WAVE_after_syzygy,0,WAVE,PRE2014,4,0.04213697151263261,-0.06547949605667414,0.14975343908193936,0.033815642825023,0.3011782489019791,0.0,1.4966114666393886,0.6830526226362235,0.0,chicago;la;nyc;sf
ROBBERY,WAVE_after_syzygy,1,WAVE,PRE2014,4,0.0216206115620472,-0.14742641480236277,0.19066763792645716,0.053118579277745374,0.7112887890529597,0.0047524219796407,6.10022510718626,0.10683457771472771,50.82148695683534,chicago;la;nyc;sf
ROBBERY,WAVE_after_syzygy,WIN3,WAVE,PRE2014,4,0.029157321505787034,-0.04602057873963873,0.1043352217512128,0.023622676719037596,0.30496444588676297,0.0,3.7549834904415365,0.28916590565935407,20.106173365698616,chicago;la;nyc;sf
ROBBERY,WAVE_before_quadrature,-1,WAVE,POST,3,-0.0076860526839558066,-0.31364807572135683,0.2982759703534453,0.07111009004415014,0.9237934352495596,0.0,0.40126986972725776,0.8182110773764965,0.0,chicago;la;nyc
ROBBERY,WAVE_before_quadrature,0,WAVE,POST,3,-0.05229270319379005,-0.4932071872110302,0.3886217808234501,0.1024750338260225,0.6605857426466777,0.014732637479262196,3.713515503093926,0.15617817882697485,46.142678054428636,chicago;la;nyc
ROBBERY,WAVE_before_quadrature,1,WAVE,POST,3,-0.023229754536189275,-0.3291868800164676,0.2827273709440891,0.07110895177958863,0.7749302830394282,0.0,0.10489017725597555,0.948906425378957,0.0,chicago;la;nyc
ROBBERY,WAVE_before_quadrature,WIN3,WAVE,POST,3,-0.020560649490634207,-0.21149357854050008,0.17037227955923165,0.04437563081307511,0.688658411072032,0.0,1.4112162129164267,0.49380819498162287,0.0,chicago;la;nyc
ROBBERY,WAVE_before_quadrature,-1,WAVE,PRE,4,-0.029167458495192755,-0.1173245131498897,0.05898959615950419,0.02770103442383848,0.36968681179001167,0.0,1.6395498305755014,0.650455777185379,0.0,chicago;la;nyc;sf
ROBBERY,WAVE_before_quadrature,0,WAVE,PRE,4,-0.06117864288405206,-0.14933947811032539,0.02698219234222128,0.02770222236896425,0.11426799184501107,0.0,1.4108569386279783,0.7029917894548328,0.0,chicago;la;nyc;sf
ROBBERY,WAVE_before_quadrature,1,WAVE,PRE,4,0.008717611246222796,-0.07952612286243156,0.09696134535487715,0.027728271161128745,0.7738176002184001,0.0,1.543985461097205,0.6721563418739688,0.0,chicago;la;nyc;sf
ROBBERY,WAVE_before_quadrature,WIN3,WAVE,PRE,4,-0.030914700459269646,-0.09442402991131665,0.032594628992777354,0.01995613542531528,0.21911581280010514,0.0002951358088596356,3.8842473288924593,0.27423765874751854,22.76495943796119,chicago;la;nyc;sf
ROBBERY,WAVE_before_quadrature,-1,WAVE,PRE2014,4,-0.06370734937654697,-0.17122146512742076,0.0438067663743268,0.03378348145964096,0.15580640515401656,0.0,1.502377375890506,0.6817217420122366,0.0,chicago;la;nyc;sf
ROBBERY,WAVE_before_quadrature,0,WAVE,PRE2014,4,-0.07450686053210313,-0.18202381236084456,0.03301009129663829,0.033784372622474704,0.11459625593192033,0.0,1.653462223045173,0.6473292745656634,0.0,chicago;la;nyc;sf
ROBBERY,WAVE_before_quadrature,1,WAVE,PRE2014,4,0.01732221326648526,-0.09018585292394468,0.12483027945691519,0.03378158054447586,0.6434803025674785,0.0,1.67044227400258,0.6435250228701319,0.0,chicago;la;nyc;sf
ROBBERY,WAVE_before_quadrature,WIN3,WAVE,PRE2014,4,-0.04521089069035564,-0.12068950566101919,0.03026772428030791,0.023717168407628997,0.15268830402095818,0.00041732483871413927,3.663069958923909,0.3002201589373418,18.101482263764826,chicago;la;nyc;sf
ROBBERY,WAVE_before_syzygy,-1,WAVE,POST,3,-0.024331156839433106,-0.41629596016903936,0.36763364649017316,0.09109840555440021,0.8144218725605048,0.004160086257033662,2.9711110129878318,0.22637655209675706,32.68511370806221,chicago;la;nyc
ROBBERY,WAVE_before_syzygy,0,WAVE,POST,3,-0.04490189964929685,-0.3495435556847967,0.259739756386203,0.07080321726476262,0.590825368305562,0.0,0.3999733923736239,0.8187416453914266,0.0,chicago;la;nyc
ROBBERY,WAVE_before_syzygy,1,WAVE,POST,3,0.06176929807934239,-0.2519300192516487,0.3754686154103335,0.0729083514376827,0.4860885251114022,0.0006565532433496764,2.0927495488711325,0.3512086546529429,4.431946905503495,chicago;la;nyc
ROBBERY,WAVE_before_syzygy,WIN3,WAVE,POST,3,-0.006292782083544795,-0.2306021939578335,0.21801662979074388,0.052132818046444956,0.9149566621141658,0.0,2.7792511594290747,0.24916858093951127,28.038169806472318,chicago;la;nyc
ROBBERY,WAVE_before_syzygy,-1,WAVE,PRE,4,0.007196762978843665,-0.0809867060260647,0.09538023198375203,0.027709334438254296,0.811881268477122,0.0,0.024921459401696808,0.9989614334029605,0.0,chicago;la;nyc;sf
ROBBERY,WAVE_before_syzygy,0,WAVE,PRE,4,-0.009671862015294564,-0.09785601199816446,0.07851228796757534,0.027709548417657624,0.7501179206008638,0.0,0.60745702931874,0.894723155146505,0.0,chicago;la;nyc;sf
ROBBERY,WAVE_before_syzygy,1,WAVE,PRE,4,0.00021526884425203396,-0.08799941816299595,0.08842995585150001,0.027719143873935197,0.9942911972552888,0.0,1.8952941695753054,0.5944205267455362,0.0,chicago;la;nyc;sf
ROBBERY,WAVE_before_syzygy,WIN3,WAVE,PRE,4,-0.000881473193460369,-0.055956353039531344,0.05419340665261061,0.017305831603387122,0.9625789588262632,0.0,1.6677516032972717,0.6441269883445686,0.0,chicago;la;nyc;sf
ROBBERY,WAVE_before_syzygy,-1,WAVE,PRE2014,4,0.030902976412876655,-0.07671406036689524,0.13852001319264856,0.033815821684431945,0.428174757475387,0.0,2.5057363139114592,0.47425529491871354,0.0,chicago;la;nyc;sf
ROBBERY,WAVE_before_syzygy,0,WAVE,PRE2014,4,0.018640121662064947,-0.08897183106348744,0.12625207438761735,0.033814224154188915,0.6198614082264862,0.0,0.41614334996398383,0.9368878338802417,0.0,chicago;la;nyc;sf
ROBBERY,WAVE_before_syzygy,1,WAVE,PRE2014,4,-0.010032028351604778,-0.1335859933606317,0.11352193665742216,0.0388235819733621,0.8128117413506496,0.0011926349845954548,3.8057914824580013,0.28321320250432414,21.172770136570232,chicago;la;nyc;sf
ROBBERY,WAVE_before_syzygy,WIN3,WAVE,PRE2014,4,0.01805352475044663,-0.06921829304832272,0.105325342549216,0.027422872038362342,0.5573335443741079,0.0011134482640177232,4.774881760695955,0.18904332880150715,37.17121909291551,chicago;la;nyc;sf
ROBBERY,WAVE_event,-1,WAVE,POST,3,-0.009610259297863707,-0.18801062920877454,0.1687901106130471,0.041462879093082106,0.8382646941657844,0.00028904730659574544,1.6614316633845194,0.4357372601154469,0.0,chicago;la;nyc
ROBBERY,WAVE_event,0,WAVE,POST,3,-0.04359111305358116,-0.2897072877113898,0.20252506160422748,0.057201031577370554,0.5256255993197054,0.003500563328241822,3.4546317819584895,0.17776089984323065,42.10670988309597,chicago;la;nyc
ROBBERY,WAVE_event,1,WAVE,POST,3,0.04849274378508774,-0.12391324990668298,0.22089873747685848,0.04006969758490043,0.3498199426208016,0.0,1.5980630914603293,0.4497643294527631,0.0,chicago;la;nyc
ROBBERY,WAVE_event,WIN3,WAVE,POST,3,0.008866505167689918,-0.18693186673791823,0.20466487707329806,0.04550643154494963,0.863516059197909,0.0,0.39565067361391093,0.8205131540701924,0.0,chicago;la;nyc
ROBBERY,WAVE_event,-1,WAVE,PRE,4,0.0026369949260303216,-0.04722478020481944,0.05249877005688008,0.01566775063826128,0.8770487921583405,0.0,0.14002939761622782,0.9866347655710963,0.0,chicago;la;nyc;sf
ROBBERY,WAVE_event,0,WAVE,PRE,4,-0.012814485319628758,-0.06267390948012568,0.037044938840868166,0.015667011907697644,0.47331751821144585,0.0,0.2495393167406456,0.9692214714814532,0.0,chicago;la;nyc;sf
ROBBERY,WAVE_event,1,WAVE,PRE,4,0.019472551915569822,-0.03039993010643303,0.06934503393757267,0.015671114997036262,0.3022985985805572,0.0,2.3980588632193,0.4939960670034519,0.0,chicago;la;nyc;sf
ROBBERY,WAVE_event,WIN3,WAVE,PRE,4,0.01643064018147738,-0.06411756249319887,0.09697884285615364,0.025310152928874483,0.5624960178947969,0.0012558408429564597,5.868827518625398,0.11816940480912022,48.8824643341595,chicago;la;nyc;sf
ROBBERY,WAVE_event,-1,WAVE,PRE2014,4,0.0016181210328987665,-0.05918559735765022,0.062421839423447756,0.019105968351952406,0.9378415554526557,0.0,0.9346530718265906,0.817058184270969,0.0,chicago;la;nyc;sf
ROBBERY,WAVE_event,0,WAVE,PRE2014,4,-0.0056739812043219645,-0.06647198008114646,0.05512401767250253,0.019104171145283122,0.7858416823641805,0.0,0.2755577849720407,0.9645578833825256,0.0,chicago;la;nyc;sf
ROBBERY,WAVE_event,1,WAVE,PRE2014,4,0.00824757406188353,-0.05255251084736745,0.0690476589711345,0.019104826626075686,0.6951032468731078,0.0,2.079924660750749,0.5559848057772558,0.0,chicago;la;nyc;sf
ROBBERY,WAVE_event,WIN3,WAVE,PRE2014,4,0.025144645603296524,-0.11161944941604077,0.1619087406226338,0.04297451768227751,0.5995757324943376,0.005159528779283578,10.130502150525768,0.017488778770195935,70.38646302597841,chicago;la;nyc;sf
ROBBERY,WAVE_quadrature,-1,WAVE,POST,3,0.011183791545691447,-0.2127294260962608,0.23509700918764367,0.052040736659164505,0.8497642500785512,0.0,0.5922549371919777,0.7436926245233784,0.0,chicago;la;nyc
ROBBERY,WAVE_quadrature,0,WAVE,POST,3,-0.027484124378566732,-0.28782281134658017,0.2328545625894467,0.06050655335746765,0.6941951181834665,0.0004323636430092455,2.6354622630784448,0.26774208492229923,24.111984906062386,chicago;la;nyc
ROBBERY,WAVE_quadrature,1,WAVE,POST,3,0.0225747008957738,-0.20156843530364757,0.24671783709519515,0.052094173125436176,0.7070251577612943,0.0,0.9412111642298349,0.6246238926675619,0.0,chicago;la;nyc
ROBBERY,WAVE_quadrature,WIN3,WAVE,POST,3,0.0037378193738575416,-0.15630342322302998,0.16377906197074504,0.03719594693113655,0.9291215763118985,0.0,2.106000924366591,0.3488893477592876,5.033280049412722,chicago;la;nyc
ROBBERY,WAVE_quadrature,-1,WAVE,PRE,4,-0.0073627425924168285,-0.07212390002601105,0.057398414841177386,0.020349489424554366,0.7414738486683854,0.0,0.8583766312207339,0.8354590530663514,0.0,chicago;la;nyc;sf
ROBBERY,WAVE_quadrature,0,WAVE,PRE,4,-0.044429664647548356,-0.1091851410628553,0.020325811767758592,0.020347704314063155,0.11696207615578721,0.0,1.4365494429088663,0.6969901440754043,0.0,chicago;la;nyc;sf
ROBBERY,WAVE_quadrature,1,WAVE,PRE,4,0.020332268178453797,-0.07217544005038323,0.11283997640729082,0.02906811281473421,0.5346150308840516,0.0016749378244315053,5.954456319205757,0.11384717102812354,49.61756642124199,chicago;la;nyc;sf
ROBBERY,WAVE_quadrature,WIN3,WAVE,PRE,4,-0.015376516874695323,-0.06777088350118254,0.03701784975179189,0.016463550866353812,0.4192147668754069,0.00026880815652723734,3.872110501990422,0.27560915167150224,22.522872256412146,chicago;la;nyc;sf
ROBBERY,WAVE_quadrature,-1,WAVE,PRE2014,4,-0.026231674032672653,-0.10517328033926816,0.05270993227392286,0.02480532230049496,0.3679021828951897,0.0,1.0789071112356654,0.7821682752294352,0.0,chicago;la;nyc;sf
ROBBERY,WAVE_quadrature,0,WAVE,PRE2014,4,-0.042254222311760736,-0.12118095275804043,0.03667250813451896,0.024800647952874035,0.18697613854136322,0.0,1.2764660994233814,0.7347288745705307,0.0,chicago;la;nyc;sf
ROBBERY,WAVE_quadrature,1,WAVE,PRE2014,4,0.015283917891164692,-0.0851674295134242,0.11573526529575358,0.0315641923754677,0.6613815789010585,0.0013873179067839573,4.228949079105357,0.23777946830328248,29.060389617302835,chicago;la;nyc;sf
ROBBERY,WAVE_quadrature,WIN3,WAVE,PRE2014,4,-0.025261012664469958,-0.08622856772010742,0.0357065423911675,0.01915744971231862,0.2789304092004183,0.00024284956897790597,3.2895874206589824,0.3490945132477625,8.8031532112611,chicago;la;nyc;sf
ROBBERY,WAVE_syzygy,-1,WAVE,POST,3,-0.019905658289979367,-0.2855070715880031,0.24569575500804436,0.061729688632524336,0.7776888315397044,0.0028751299286162986,2.3953472508675206,0.301895718133028,16.504799073467872,chicago;la;nyc
ROBBERY,WAVE_syzygy,0,WAVE,POST,3,-0.0260486401544117,-0.24974653851828035,0.19764925820945697,0.05199069328090219,0.6660594320746409,0.0,0.718734993625952,0.698117748156504,0.0,chicago;la;nyc
ROBBERY,WAVE_syzygy,1,WAVE,POST,3,0.059165973498472635,-0.16455548176995174,0.282887428766897,0.05199616825321244,0.37311712029948507,0.0,1.0058588178054126,0.604756483311128,0.0,chicago;la;nyc
ROBBERY,WAVE_syzygy,WIN3,WAVE,POST,3,0.0018855427273538785,-0.15398428912781847,0.15775537458252625,0.036226449506228234,0.9632208512313671,0.0,0.9636359051881201,0.6176594948390846,0.0,chicago;la;nyc
ROBBERY,WAVE_syzygy,-1,WAVE,PRE,4,0.011811071070142072,-0.05294991300266575,0.0765720551429499,0.02034943495048952,0.6023597431388984,0.0,0.42928088004367976,0.934129492061564,0.0,chicago;la;nyc;sf
ROBBERY,WAVE_syzygy,0,WAVE,PRE,4,0.022819638577018044,-0.041943208971697094,0.08758248612573319,0.020350020498752886,0.3437997200070859,0.0,1.8846342187689267,0.5966929612264027,0.0,chicago;la;nyc;sf
ROBBERY,WAVE_syzygy,1,WAVE,PRE,4,0.015196913047824086,-0.0649446233538268,0.09533844944947496,0.025182368754684287,0.5887677060586304,0.0008476313843372906,4.248626821985646,0.23583828783813837,29.388950225618665,chicago;la;nyc;sf
ROBBERY,WAVE_syzygy,WIN3,WAVE,PRE,4,0.02413759954339397,-0.026433399251863603,0.07470859833865154,0.015890605510385968,0.22607580341699396,0.00019706526600757343,3.261440230137448,0.35304560494323867,8.016097542478347,chicago;la;nyc;sf
ROBBERY,WAVE_syzygy,-1,WAVE,PRE2014,4,0.029011342891489107,-0.05000135268099492,0.10802403846397313,0.02482766023146664,0.3270119941610981,0.0,0.9298468909455815,0.8182197415152551,0.0,chicago;la;nyc;sf
ROBBERY,WAVE_syzygy,0,WAVE,PRE2014,4,0.03276407030770444,-0.04624957572148691,0.11177771633689579,0.024827958887474046,0.27862294975727325,0.0,1.218142873587458,0.7486562709456852,0.0,chicago;la;nyc;sf
ROBBERY,WAVE_syzygy,1,WAVE,PRE2014,4,0.004377359211648828,-0.09597513229391963,0.1047298507172173,0.031533129510760045,0.8983888046882321,0.0013735513288798545,4.278480857080059,0.23292098209820877,29.8816542550242,chicago;la;nyc;sf
ROBBERY,WAVE_syzygy,WIN3,WAVE,PRE2014,4,0.03291093364718026,-0.03514298259730332,0.10096484989166384,0.02138415222638135,0.22142055687020143,0.0005731671939506471,4.033018669594046,0.2579207128486744,25.61403142966426,chicago;la;nyc;sf
